1111100110,ארנונה כללית שוטפת ,2400,2400,2677,-277,11,11000,,,,,,
1111200110,ארנונה כללית פגורים ,1800,1800,982,818,45,45000,,,,,,
1413100210,אגרות מים שוטף ,0,0,380,-380,0,0,,,,,,
1413101210,אגרת מים פיגורים ,3000,3000,1464,1536,51,51000,,,,,,
1312200410,"השת' הורים שכ""ל גנים ",0,0,0,0,0,0,,,,,,
1312200420,"השתת' הורים הזנה יוח""א ",40,40,1,40,100,100000,,,,,,
1312200740,השתת' ממפעל הפיס ,0,0,25,-25,0,0,,,,,,
1312300410,השתת' הורים בטוח ט.חובה ,0,0,1,-1,0,0,,,,,,
1312800420,הכנסות מקייטנה ,0,0,0,0,0,0,,,,,,
1312800790,"השתת' בקייטנה-מש""מ ",0,0,0,0,0,0,,,,,,
1313200420,"השתת' הורים הזנה יוח""א ",150,150,97,53,35,35000,,,,,,
1313200740,השתת' מפעל הפיס-יסודי א ,0,0,71,-71,0,0,,,,,,
1313201420,השתת' הורים הזנת יוחא-אלע ,80,80,25,55,68,68000,,,,,,
1313202420,"השתת' הורים הזנה יוח""א ",65,65,92,-27,41,41000,,,,,,
1313203420,"השתת' הורים-הזנת יוח""א ",90,90,0,90,100,100000,,,,,,
1313203740,השתת' מ.פיס ציוד ורהוט ,0,0,0,0,0,0,,,,,,
1313204420,"השתת' הורים הזנת יוח""א-אנ ",50,50,82,-32,64,64000,,,,,,
1313204740,השתת' מפעל הפיס ,0,0,0,0,0,0,,,,,,
1313205420,השתת' הורים הזנה ,20,20,12,8,40,40000,,,,,,
1313205740,השתת' מ.פיס ציוד ורהוט-אלזהר,0,0,106,-106,0,0,,,,,,
1313300730,השתת' מוסד לביטוח לאומי ,0,0,8,-8,0,0,,,,,,
1313300740,השתת' מפעל הפיס-ח.מיוחד ,0,0,18,-18,0,0,,,,,,
1313800420,הכנסות מקייטנות ,0,0,0,0,0,0,,,,,,
1314000740,השתת' מפעל הפיס-אלסלאם ,0,0,106,-106,0,0,,,,,,
1315209740,השתת' מפעל הפיס ,0,0,0,0,0,0,,,,,,
1315210740,השתת' מ.הפיס ציוד ורהוט ,0,0,0,0,0,0,,,,,,
1317600420,השת' הורים רווחה חינוכית ,0,0,0,0,0,0,,,,,,
1317901740,השתת' מפעל הפיס ,0,0,0,0,0,0,,,,,,
1342201420,השתת' הורים בקייטנת אמהות ,0,0,0,0,0,0,,,,,,
1121000290,תעודות ואישורים ,120,120,176,-56,46,46000,,,,,,
1196000916,מענק מיוחד לפיתוח אירגוני ,0,0,0,0,0,0,,,,,,
1212300220,אגרת אשפה ,0,0,0,0,0,0,,,,,,
1213300290,אגרת רישוי עסקים ,0,0,0,0,0,0,,,,,,
1214300220,מלחמה בכלבת-אגרת חיסון ,0,0,0,0,0,0,,,,,,
1233100220,"אגרות,רשיונות בניה ",0,0,0,0,0,0,,,,,,
1233400790,אגרות בנייה-שימעונים ,586,586,446,140,23,23000,,,,,,
1240000000,נכסים צבוריים ,0,0,0,0,0,0,,,,,,
1269000290,הכנסות-מכירת מכרזים ,2,2,0,2,100,100000,,,,,,
1269000660,הכנסות מימון ,3,3,25,-22,733,733000,,,,,,
1269000661,ריבית הלואות עובדים ,0,0,0,0,0,0,,,,,,
1269000690,הכנסות שונות ,70,70,115,-45,64,64000,,,,,,
1269000691,שונות קרן מקפת ,20,20,26,-6,30,30000,,,,,,
1269001290,אגרות בית המשפט)גביה( ,4,4,2,2,50,50000,,,,,,
1312000000,חינוך קדם יסודי ,0,0,0,0,0,0,,,,,,
1312200000,גני ילדים גיל חובה ,0,0,0,0,0,0,,,,,,
1312300000,גני ילדים טרום חובה ,0,0,0,0,0,0,,,,,,
1313000000,חינוך יסודי ,0,0,0,0,0,0,,,,,,
1313200000,"בי""ס יסודי חורה א' ",0,0,0,0,0,0,,,,,,
1313201000,"בי""ס יסודי אלעטאונה ",0,0,0,0,0,0,,,,,,
1313202000,"בי""ס יסודי חורה ב' ",0,0,0,0,0,0,,,,,,
1313203000,"בי""ס יסודי אלביאדר ",0,0,0,0,0,0,,,,,,
1313204000,"בי""ס אלאנדלס ",0,0,0,0,0,0,,,,,,
1313302000,"ביה""ס אלופאא לאוטסטים ",0,0,0,0,0,0,,,,,,
1314000000,חטיבת ביניים מקיף רבין ,0,0,0,0,0,0,,,,,,
1315000000,חינוך על יסודי ,0,0,0,0,0,0,,,,,,
1315200000,"ביה""ס תיכון - עמל ",0,0,0,0,0,0,,,,,,
1315201000,"בי""ס תיכון - עתיד אלנור ",0,0,0,0,0,0,,,,,,
1315202000,"ביה""ס תיכון סכנין ",0,0,0,0,0,0,,,,,,
1315203000,"ביה""ס תיכון עהד ",0,0,0,0,0,0,,,,,,
1315204000,"בי""ס תיכון אלסלאם ",0,0,0,0,0,0,,,,,,
1316000000,מינוך גבוה ,0,0,0,0,0,0,,,,,,
1317000000,שרותים נוספים לחינוך ,0,0,0,0,0,0,,,,,,
1317300000,שירות פסיכולוגי חינוכי ,0,0,0,0,0,0,,,,,,
1317600000,רווחה חינוכית ,0,0,0,0,0,0,,,,,,
1322000000,פעולות תרבות ,0,0,0,0,0,0,,,,,,
1323000420,השתת' הורים/תושבים ,0,0,0,0,0,0,,,,,,
1323000740,השתת' מ.פיס ספרייה ,0,0,0,0,0,0,,,,,,
1328000000,נוער ,0,0,0,0,0,0,,,,,,
1328300420,השתתפות תושבים ,0,0,0,0,0,0,,,,,,
1328400420,השתת' תושבים בש.משלימים ,0,0,0,0,0,0,,,,,,
1328400790,השת' בקיטנה-מ.השלטון מקומ ,0,0,0,0,0,0,,,,,,
1329300790,השתת' מועצה להסדר ההימורי ,0,0,0,0,0,0,,,,,,
1329900490,הכנסות ספורט ,0,0,0,0,0,0,,,,,,
1341000000,מינהל הרווחה ,0,0,0,0,0,0,,,,,,
1342000000,רווחת הפרט והמשפחה ,0,0,0,0,0,0,,,,,,
1343000000,שרותים לילד ולנוער ,0,0,0,0,0,0,,,,,,
1344000000,שרותים לזקן ,0,0,0,0,0,0,,,,,,
1345000000,שרותים למפגר ,0,0,0,0,0,0,,,,,,
1346000000,שרותי שיקום ,0,0,0,0,0,0,,,,,,
1347000000,שירותי תיקון ,0,0,0,0,0,0,,,,,,
1348000000,עבודות קהילתיות ,0,0,0,0,0,0,,,,,,
1413000000,משק המים ,0,0,0,0,0,0,,,,,,
1413100310,היטל צריכה ,0,0,0,0,0,0,,,,,,
1413300220,אגרת מוני מים ,0,0,13,-13,0,0,,,,,,
1312200920,עוזרות לגננות ,1500,1500,1555,-55,3,3000,,,,,,
1312200923,"תשלומי הורים חומרים-ג""י ",12,12,7,5,41,41000,,,,,,
1312200924,"ה.נלוות ח.מיוחד-גנ""י ",15,15,14,1,6,6000,,,,,,
1312200925,העשרה ח.מיוחד-גני ,0,0,0,0,0,0,,,,,,
1312200926,"שכ""ד גני חובה ",105,105,130,-25,23,23000,,,,,,
1312200927,"אגרת תלמידי חוץ-גנ""י ",70,70,3,67,95,95000,,,,,,
1312200928,"גנ""י יוח""א ",270,270,255,15,5,5000,,,,,,
1312200929,השתת' מ.חינוך שונות ,85,85,83,2,2,2000,,,,,,
1312300920,"שכ""ל גני ילדים קדם חובה ",5000,5000,5043,-43,0,0,,,,,,
1312300923,"תשלומי הורים חומרים-ט""ח ",25,25,13,12,48,48000,,,,,,
1312300924,מ.חינוך-השתת' בשכירות ,0,0,0,0,0,0,,,,,,
1312300926,"שכ""ד גנ""י ט.חובה ",60,60,130,-70,116,116000,,,,,,
1312300927,אגרת תלמידי חוץ-יסודי א' ,0,0,0,0,0,0,,,,,,
1312301927,אגרת תלמידי חוץ-אלעטאונה ,0,0,0,0,0,0,,,,,,
1312302920,השתת' מ.חינוך - מעגן ,105,105,11,94,89,89000,,,,,,
1312800920,השתת' מ.חינןך-חוויה קיצית ,0,0,0,0,0,0,,,,,,
1313200920,שרתים-יסודי חורה א' ,235,235,247,-12,5,5000,,,,,,
1313200921,מזכירים-יסודי חורה א' ,75,75,80,-5,6,6000,,,,,,
1313200922,אגרת שיכפול יסודי חורה א' ,10,10,12,-2,20,20000,,,,,,
1313200923,תשלום הורים חומרים חורה א ,18,18,17,1,5,5000,,,,,,
1313200924,סייעות כיתתיות חורה א ,0,0,0,0,0,0,,,,,,
1313200925,"מנב""ס מזכירים חורה א ",0,0,-1,1,0,0,,,,,,
1313200926,פדיון חופשה ש+מ-יסודי א' ,0,0,0,0,0,0,,,,,,
1313200927,אגרת תלמידי חוץ-יסודי א' ,75,75,5,70,93,93000,,,,,,
1313200928,"יוח""א ביה""ס א' ",0,0,0,0,0,0,,,,,,
1313200929,הכנסות שונות חורה א' ,34,34,202,-168,494,494000,,,,,,
1313201920,שרתים- יסודי אלעטאונה ,370,370,384,-14,3,3000,,,,,,
1313201921,מזכירים-יסודי אלעטאונה ,115,115,122,-7,6,6000,,,,,,
1313201922,אגרת שיכפול יסודי אלעטאונ ,68,68,20,48,70,70000,,,,,,
1313201923,תשלום הורים חומרים-אלעטונ ,32,32,31,1,3,3000,,,,,,
1313201924,חוק שילוב סייעות-בודדות ,530,530,582,-52,9,9000,,,,,,
1313201925,"מנב""ס ביה""ס אלעטאונה ",0,0,-1,1,0,0,,,,,,
1313201927,אגרת תלמידי חוץ עטאונה ,33,33,2,31,93,93000,,,,,,
1313201928,"יוח""א ביה""ס אלעטאונה ",0,0,0,0,0,0,,,,,,
1313201929,"הכנסות שונות ביה""ס אלעטאונה ",0,0,281,-281,0,0,,,,,,
1313202920,שרתים-יסודי חורה ב' ,320,320,349,-29,9,9000,,,,,,
1313202921,מזכירים-יסודי חורה ב' ,100,100,111,-11,11,11000,,,,,,
1313202922,אגרת שיכפול-יסודי חורה ב' ,12,12,19,-7,58,58000,,,,,,
1313202923,תשלום הורים חומרים-חורה ב ,25,25,25,0,0,0,,,,,,
1313202924,סייעות כיתתיות אלמגד ,85,85,91,-6,7,7000,,,,,,
1313202925,"מנב""ס מזכירים אלמג'ד ",0,0,-1,1,0,0,,,,,,
1313202927,אגרת תלמידי חוץ-אלמג'ד ,50,50,2,48,96,96000,,,,,,
1313202928,"יוח""א ביה""ס אלמג'ד ",0,0,0,0,0,0,,,,,,
1313202929,הכנסות שונות - אלמג'ד ,0,0,274,-274,0,0,,,,,,
1313203920,"שרתים בי""ס ביאדור ",470,470,499,-29,6,6000,,,,,,
1313203921,מזכירים יסודי ,150,150,160,-10,6,6000,,,,,,
1313203922,אגרת שכפול ,17,17,24,-7,41,41000,,,,,,
1313203923,תשלום הורים -חומרים ,40,40,39,1,2,2000,,,,,,
1313203924,סייעות כיתתיות אלביאדר ,42,42,45,-3,7,7000,,,,,,
1313203925,"מנב""ס מזכירים אלביאדר ",0,0,-1,1,0,0,,,,,,
1313203927,אגרת תלמידי חוץ -אלביאדר ,153,153,9,144,94,94000,,,,,,
1313203928,"יוח""א ביה""ס אלביאדר ",0,0,0,0,0,0,,,,,,
1313203929,"הכנסות שונות ביה""ס אלביאדר ",0,0,567,-567,0,0,,,,,,
1313204920,שרתים ,280,280,315,-35,12,12000,,,,,,
1313204921,מזכירים ,90,90,101,-11,12,12000,,,,,,
1313204922,אגרת שכפול ,10,10,16,-6,60,60000,,,,,,
1313204923,תשלומי הורים חומרים ,20,20,25,-5,25,25000,,,,,,
1313204925,פדיון חופשה+ש.מ. ,0,0,-1,1,0,0,,,,,,
1313204926,פידיון חופשה- ש+מ ,0,0,0,0,0,0,,,,,,
1313204927,אגרת תלמידי חוץ-אלאנדלוס ,50,50,3,47,94,94000,,,,,,
1313204928,"השתת' מ.חינוך-יוח""א אנדלו ",0,0,0,0,0,0,,,,,,
1313204929,הכנסות שונות - אלאנדלס ,0,0,244,-244,0,0,,,,,,
1313205920,שרתים - אלזהרא ,195,195,268,-73,37,37000,,,,,,
1313205921,מזכירים - אלזהרא ,60,60,86,-26,43,43000,,,,,,
1313205922,אגרת שכפול יסודי - אלזהרא ,0,0,13,-13,0,0,,,,,,
1313205923,תשלומי הורים חומרים - אלזהרא,15,15,17,-2,13,13000,,,,,,
1313205924,סייעות כיתתיות - אלזהרא ,0,0,45,-45,0,0,,,,,,
1313205925,פדיון חופשה+ש.מ ,0,0,-1,1,0,0,,,,,,
1313205927,אגרת תלמידי חוץ-אלזהרא ,30,30,1,29,96,96000,,,,,,
1313205929,הכנסות שונות - אלזהרא ,0,0,1,-1,0,0,,,,,,
1313300920,"שרתים בי""ס חינוך מיוחד ",191,191,252,-61,31,31000,,,,,,
1313300921,"מזכירים בי""ס חינוך מיוחד ",65,65,91,-26,40,40000,,,,,,
1313300922,אגרת שכפול-חינןך מיוחד ,9,9,4,5,55,55000,,,,,,
1313300923,תש' הורים חומרים-ח.מיוחד ,6,6,17,-11,183,183000,,,,,,
1313300924,"סייעות כיתתיות ח""מ ",1190,1190,1418,-228,19,19000,,,,,,
1313300925,פידיון חופשה ש+מ ,1,1,-1,2,200,200000,,,,,,
1313300926,"הזנת יוח""א ח""מ ",220,220,326,-106,48,48000,,,,,,
1313300927,אגרת תלמידי חוץ ,636,636,1352,-716,112,112000,,,,,,
1313300928,השתת' מ.חינוך שונות ,20,20,82,-62,310,310000,,,,,,
1313300929,"שירותי היקף- ח""מ ",25,25,27,-2,8,8000,,,,,,
1313301920,ה.נלוות ח.מיוחד ערבי ,90,90,124,-34,37,37000,,,,,,
1313301922,"השתת' מ.חינוך הצטיידות ח""מ ",0,0,0,0,0,0,,,,,,
1313301926,"השתת' מ.חינוך שכ""ד ח""מ ",75,75,0,75,100,100000,,,,,,
1313302920,השתת' מ.חינוך ,72,72,69,3,4,4000,,,,,,
1313302921,"מזכירים -בי""ס אלופפא ",48,48,25,23,47,47000,,,,,,
1313302922,"אגרת שכפול - בי""ס אלופפא ",12,12,4,8,66,66000,,,,,,
1313302923,תשלומי הורים חומרים ,0,0,1,-1,0,0,,,,,,
1313302924,סייעות כיתתיות אלופאא ,490,490,450,40,8,8000,,,,,,
1313302925,"מנב""ס מזכירים אוטסטים ",0,0,-1,1,0,0,,,,,,
1313302929,השתת' משרד חינוך שונות ,16,16,11,5,31,31000,,,,,,
1313400920,השתת' מ.חינוך מרכז מחוננים ,105,105,96,9,8,8000,,,,,,
1313400921,מזכירים - מחוננים ,35,35,6,29,82,82000,,,,,,
1313400925,"מנב""ס מזכירים מחוננים ",0,0,-1,1,0,0,,,,,,
1313600920,"שרתים-מתי""א ",43,43,63,-20,46,46000,,,,,,
1313600921,"מזכירים-מתי""א ",86,86,126,-40,46,46000,,,,,,
1313600922,"אגרת שיכפול-מתי""א ",78,78,47,31,39,39000,,,,,,
1313600929,השתת' מ.חינוך שונות ,70,70,47,23,32,32000,,,,,,
1313700929,השתת' משרד חינוך שונות ,0,0,0,0,0,0,,,,,,
1314000920,"סל תלמיד חט""ב )ש+מ( ",615,615,985,-370,60,60000,,,,,,
1314000922,"אגרת שיכפול פר תלמיד חט""ב ",0,0,0,0,0,0,,,,,,
1314000923,"חט""ב-הורים חומרים רבין ",0,0,0,0,0,0,,,,,,
1314000924,"חט""ב-ציוד למעבדות מחשבים ",0,0,0,0,0,0,,,,,,
1314001920,"סל חט""ב קהילתיים ",0,0,0,0,0,0,,,,,,
1315200920,"שכ""ל על יסודי - עמל ",2075,2075,2075,0,0,0,,,,,,
1315200923,"תשלום הורים חומרים-חט""ב ",0,0,0,0,0,0,,,,,,
1315201920,"שכ""ל על יסודי - עתיד אלנור ",3925,3925,4025,-100,2,2000,,,,,,
1315201929,השתת' מ. חינוך כתות חכמות ,0,0,0,0,0,0,,,,,,
1315202920,"שכ""ל על יסודי - סכנין ",1800,1800,1800,0,0,0,,,,,,
1315202929,השתת' מ. חינוך כתות חינוך ,0,0,0,0,0,0,,,,,,
1315203920,"השתת' מ.חינוך שכ""ל ע""י עהד ",2000,2000,1943,57,2,2000,,,,,,
1315203923,תשלומי הורים חומרים ,0,0,9,-9,0,0,,,,,,
1315203929,השתת' מ. חינוך כתות חכמות ,0,0,0,0,0,0,,,,,,
1315204920,"שכ""ל על יסודי - אלסלאם ",2000,2000,1787,213,10,10000,,,,,,
1315204921,"קרן השתלמות לשכ""ל ",0,0,77,-77,0,0,,,,,,
1315204922,אגרת שיכפול פר תלמיד ,0,0,5,-5,0,0,,,,,,
1315204923,"תשלום הורים חומרים-חט""ב ",0,0,-1,1,0,0,,,,,,
1315204924,"החזרה שכ""ל למורים ",0,0,12,-12,0,0,,,,,,
1315204925,"רכב מנהלים בי""ס ע""י ",0,0,13,-13,0,0,,,,,,
1315204926,גמול טיול-חוץ בית ,0,0,33,-33,0,0,,,,,,
1315204927,אגרת תלמידי חוץ ,0,0,0,0,0,0,,,,,,
1315204928,דמי שתיה ,0,0,2,-2,0,0,,,,,,
1315204929,"שונות - גמיול הל""ל ",0,0,139,-139,0,0,,,,,,
1316000920,השתת' מ.חינוך שרתים ,0,0,0,0,0,0,,,,,,
1316000921,השתת' מ.חינוך מזכירים ,0,0,0,0,0,0,,,,,,
1316000922,השתת' מ.חינוך א.שכפול ,0,0,0,0,0,0,,,,,,
1317100920,"קב""ט מוסדות חינוך ",40,40,39,1,2,2000,,,,,,
1317300920,"שפ""י)פסיכולוגים חינוכיים( ",820,820,883,-63,7,7000,,,,,,
1317300921,"שפ""י)הדרכה( ",0,0,31,-31,0,0,,,,,,
1317300922,"השתת' מ.חינוך-שפ""י מיוחד ",0,0,0,0,0,0,,,,,,
1317600920,רווחה חינוכית-מ.חינוך ,260,260,0,260,100,100000,,,,,,
1317601920,"השתת' מ חינוך שח""ר תוכנית או",0,0,117,-117,0,0,,,,,,
1317700920,"קב""ס ",150,150,95,55,36,36000,,,,,,
1317700921,"קב""ס - פרויקטים ",0,0,0,0,0,0,,,,,,
1317700922,"קב""ס חונכות נוער מנותק ",0,0,0,0,0,0,,,,,,
1317700923,"קב""ס מניעת נשירה ",0,0,0,0,0,0,,,,,,
1317801920,הסעות דרום ,3100,3100,1696,1404,45,45000,,,,,,
1317802920,הסעות חינוך מיוחד דרום ,700,700,498,202,28,28000,,,,,,
1317803920,"לווי הסעות ח""מ-מוסד ",400,400,423,-23,5,5000,,,,,,
1317900920,מדריכים לקידום נוער ,0,0,55,-55,0,0,,,,,,
1317901920,שיפוצים בתי ספר ,170,170,198,-28,16,16000,,,,,,
1317901921,השתת' מ.חינוך ציוד ורהוט ,0,0,0,0,0,0,,,,,,
1317902920,פ.בטיחותיות+חינוך תעבורתי ,0,0,0,0,0,0,,,,,,
1317903920,שחיקת חינוך מבוגרים ,0,0,0,0,0,0,,,,,,
1317904920,השתת' מ.חינוך-מידע סטטסטי ,0,0,0,0,0,0,,,,,,
1317905920,הכנסות שונות ,60,60,2,58,96,96000,,,,,,
1317905921,הכנסות מיוחדות מ.חינוך ,0,0,0,0,0,0,,,,,,
1317906920,אגרת תלמידי חוץ ,0,0,0,0,0,0,,,,,,
1317907920,"מוביל לבי""ס-מניעת סמים ",0,0,11,-11,0,0,,,,,,
1317907921,חותם-הסכם מיקרוסופט ,0,0,-11,11,0,0,,,,,,
1317907922,"ציוד ראשוני לגנ""י-יוח""א ",0,0,111,-111,0,0,,,,,,
1317907923,"גנים יוח""א ",0,0,0,0,0,0,,,,,,
1317907924,מ.חינוך כיתות חכמות בנגב ,0,0,0,0,0,0,,,,,,
1317909920,"השתת' מ.חינוך אס""א ",0,0,0,0,0,0,,,,,,
1317930920,"אס""א-אלימות.סמים ואלכהול ",0,0,0,0,0,0,,,,,,
1317940920,נוער במרכז העניינים ,0,0,0,0,0,0,,,,,,
1317950920,פרוייקטים שונים ,0,0,0,0,0,0,,,,,,
1318000920,חינוך למבוגרים ,0,0,0,0,0,0,,,,,,
1319000920,חינוך מיוחד-שרותי היקף ,0,0,0,0,0,0,,,,,,
1329300920,פ.ספורט- לא לשימוש ,,,,,,0, ,0,0,0,0,0
1341000930,שכר עובדי המחלקה ,593,593,492,101,17,17000,,,,,,
1341001930,הוצאות מינהליות ,0,0,0,0,0,0,,,,,,
1341002930,"כ""א לחינוך מיוחד ",60,60,54,6,10,10000,,,,,,
1341003930,פעולות אירגוניות ,0,0,0,0,0,0,,,,,,
1341004930,רכישת ציוד יסודי ,0,0,0,0,0,0,,,,,,
1342200930,משפחות במצוקה בקהילה ,36,36,43,-7,19,19000,,,,,,
1342201930,קייטנה לאמהות ,0,0,0,0,0,0,,,,,,
1342202930,טיפול בפרט ובמשפחה ,0,0,0,0,0,0,,,,,,
1342203930,טיפול באלכהולסטים ,11,11,14,-3,27,27000,,,,,,
1342204930,סיוע למשפחות עם ילדי א ,39,39,47,-8,20,20000,,,,,,
1342205930,טיפול בהורים ובילדיהם ,0,0,0,0,0,0,,,,,,
1342206930,צרכים ברשויות קולטות ,0,0,0,0,0,0,,,,,,
1342500930,סדנאות למשפחה ,0,0,0,0,0,0,,,,,,
1342600930,מרכז טיפול באלימות ,0,0,33,-33,0,0,,,,,,
1343501930,טיפול בילד בקהילה ,0,0,188,-188,0,0,,,,,,
1343502930,טיפול בילד בקהילה-פר ,0,0,0,0,0,0,,,,,,
1343503930,ת.לאומית ילד ונוער ,390,390,398,-8,2,2000,,,,,,
1343504930,יצירת קשר הורים - ילדי ב ,6,6,0,6,100,100000,,,,,,
1343505930,טיפול במשפחות אומנה יומית ,100,100,0,100,100,100000,,,,,,
1343506930,מועדניות ביתיות ,233,233,0,233,100,100000,,,,,,
1343800930,אחזקת ילדים בפנימיות ,445,445,286,159,35,35000,,,,,,
1343801930,טיפול במשפחות אומנה ,0,0,106,-106,0,0,,,,,,
1343900930,ילדים במעון יום ,747,747,829,-82,10,10000,,,,,,
1343901930,מ.יום רשויות ,0,0,0,0,0,0,,,,,,
1344400930,טיפול בזקן בקהילה ,18,18,4,14,77,77000,,,,,,
1344401930,חימום לקשישים ,0,0,0,0,0,0,,,,,,
1344402930,מועונים לזקנים ,0,0,0,0,0,0,,,,,,
1344403930,נופשונים להבראה )לקשיש( ,20,20,14,6,30,30000,,,,,,
1344404930,מועדון חברתי לבוגרים א ,20,20,30,-10,50,50000,,,,,,
1345100930,סידור מפגרים במוסדות ,805,805,1066,-261,32,32000,,,,,,
1345101930,סידור מפגרים במוסד ממש ,0,0,0,0,0,0,,,,,,
1345200930,מפגרים במעון טיפולי ,40,40,51,-11,27,27000,,,,,,
1345300930,שרותים תומכים למפגר ,3,3,10,-7,233,233000,,,,,,
1345301930,נופשונים למפגר ,2,2,1,1,50,50000,,,,,,
1345302930,הסעות למ.יום למפגר ,14,14,14,0,0,0,,,,,,
1345305930,הסעות לאוטיסטים ,1,1,1,0,0,0,,,,,,
1345400930,"מעשי""ם-מפעלי תעסוקה למ ",40,40,65,-25,62,62000,,,,,,
1346300930,דמי ליווי לעוור ,0,0,0,0,0,0,,,,,,
1346301930,הדרכת העוור ובני ביתו ,5,5,0,5,100,100000,,,,,,
1346302930,מכונים לראייה ירודה ,0,0,0,0,0,0,,,,,,
1346303930,מועדונים לעוור ,0,0,0,0,0,0,,,,,,
1346304930,אחזקת נכים במשפחות אומנה ,37,37,0,37,100,100000,,,,,,
1346305930,משפחות אומנה לשיקום ,0,0,0,0,0,0,,,,,,
1346400930,מפעלי שיקום ,0,0,3,-3,0,0,,,,,,
1346500930,אחזקת נכים בפנימיות ,115,115,45,70,60,60000,,,,,,
1346600930,נכים-מס.יום לילד המוגב ,46,46,65,-19,41,41000,,,,,,
1346601930,מרכזי איבחון ושיקום ,0,0,0,0,0,0,,,,,,
1346700930,תכנית לילד החריג ,0,0,0,0,0,0,,,,,,
1346701930,שיקום נכים בקהילה-תעסוקה ,0,0,4,-4,0,0,,,,,,
1346702930,מ.יום שיקומי לנכים ,347,347,148,199,57,57000,,,,,,
1346703930,הסעות למ.יום שיקומי לנכים ,90,90,150,-60,66,66000,,,,,,
1346704930,ליווי למ.יום שיקומי לנכים ,25,25,32,-7,28,28000,,,,,,
1346800930,מפעלי שיקום-שיקום נכים ,0,0,0,0,0,0,,,,,,
1346801930,דמי תקשורת לחרשים ,0,0,0,0,0,0,,,,,,
1347100930,טיפול בנוער ובצעירים ,12,12,10,2,16,16000,,,,,,
1347102930,מקלט לנשים מוכות ,20,20,52,-32,160,160000,,,,,,
1347103930,טיפול בנערות במצוקה ,0,0,5,-5,0,0,,,,,,
1347104930,בתים חמים לנערות ,0,0,14,-14,0,0,,,,,,
1347110930,טיפול בחבורות רחוב ,0,0,0,0,0,0,,,,,,
1347400930,שהות במקלט לנערות ,0,0,0,0,0,0,,,,,,
1348200930,מרכזים קהילתיים ,0,0,0,0,0,0,,,,,,
1348201930,תוכנית עם הפנים לקהילה ,285,285,255,30,10,10000,,,,,,
1348202930,פיתוח ק.במגזר הכפרי ,50,50,0,50,100,100000,,,,,,
1348500930,עובדי שיקום שכונות ,0,0,0,0,0,0,,,,,,
1213300940,השתתפות משרד הבריאות ,20,20,42,-22,110,110000,,,,,,
1225000990,משרד התחבורה-בטיחות ,0,0,0,0,0,0,,,,,,
1225100990,"משרד התחבורה-זה""ב ",62,62,120,-58,93,93000,,,,,,
1228000990,"השתת' משרד בטחון פנים-על""א ",300,300,196,104,34,34000,,,,,,
1229000990,השתת' משרד החקלאות ,0,0,0,0,0,0,,,,,,
1244400990,השתתפות מ.התחבורה ,0,0,0,0,0,0,,,,,,
1299000990,השתת' ממשרד החקלאות ,0,0,28,-28,0,0,,,,,,
1313202940,השתת' מ.הבריאות-רפואת שינ ,0,0,0,0,0,0,,,,,,
1317400990,משרד הבריאות ,130,130,252,-122,93,93000,,,,,,
1317907940,השתת' חינוך מניעת סמים ואלכה,0,0,0,0,0,0,,,,,,
1322000940,השתת' משרד המדע תרבות וספורט,0,0,0,0,0,0,,,,,,
1322001940,"השתת' משרד המדע,תרבות וספורט",0,0,0,0,0,0,,,,,,
1328100940,השתת' מ.חינוך רכז השכלה ק.נ,45,45,39,6,13,13000,,,,,,
1328200940,השתת' מ.חינוך - נוער ,50,50,45,5,10,10000,,,,,,
1328300940,השתת' משרד חינוך שונות ,0,0,0,0,0,0,,,,,,
1329300940,השתת' מ.חינוך פ.ספורט ,120,120,134,-14,11,11000,,,,,,
1343507990,תוכנית לאומית מ.בריאות ,0,0,63,-63,0,0,,,,,,
1343901990,"מ.יום רשויות-תמ""ת)משפחתון ",120,120,85,35,29,29000,,,,,,
1379000990,איכות הסביבה ,0,0,50,-50,0,0,,,,,,
1470000990,השתת' אגרת ביוב מ.מ.י ,0,0,1725,-1725,0,0,,,,,,
1513000980,הוצאות אחרות ,0,0,0,0,0,0,,,,,,
1594000990,נזקי סופה ,0,0,0,0,0,0,,,,,,
1191000910,מענק כללי לאיזון ,9156,9156,10916,-1760,19,19000,,,,,,
1196001910,מענק-משמר אזרחי ,0,0,0,0,0,0,,,,,,
1226100910,"משרד הפנים-מל""ח ",0,0,0,0,0,0,,,,,,
1244400910,השתת' משרד הפנים אחזקת כבישי,0,0,0,0,0,0,,,,,,
1268000910,"השתת' מ.הפנים - מפע""מ ",0,0,0,0,0,0,,,,,,
1324000910,"השתת' מ.פנים מתנ""ס ",0,0,230,-230,0,0,,,,,,
1353000910,השתתפות משרד הפנים ,0,0,0,0,0,0,,,,,,
1192001910,מענק רזרבת שר ,0,0,0,0,0,0,,,,,,
1192002910,מענק שיפוי פנסיה ,20,20,11,9,45,45000,,,,,,
1192003910,מענק-שיפוי קיצוץ ,0,0,0,0,0,0,,,,,,
1192004910,מענק-הגדלת שיעור המימוש ,0,0,342,-342,0,0,,,,,,
1192005910,מענק מותנה בגביה ,1241,1241,1630,-389,31,31000,,,,,,
1192006910,משר הפנים מענק בחירות ,0,0,0,0,0,0,,,,,,
1192007910,מענק חד פעמי ,0,0,0,0,0,0,,,,,,
1192008910,"מענק שיפוי קופ""ג ",17,17,5,12,70,70000,,,,,,
1192009910,משרד הפנים תקבולים שונים ,10,10,0,10,100,100000,,,,,,
1513000510,החזר הוצאות ש.ק. ,0,0,277,-277,0,0,,,,,,
1513000590,החזרים בטוח לאמי ,0,0,12,-12,0,0,,,,,,
1591900690,החזר מקרן הלואות ,0,0,0,0,0,0,,,,,,
1594000540,החזר נזקי שריפה ,0,0,0,0,0,0,,,,,,
1594100540,תביעות מחברת ביטוח ,0,0,0,0,0,0,,,,,,
1594200910,השת' מ.פניים בבחירות רשות ,0,0,0,0,0,0,,,,,,
1599100910,מענק לכסוי גרעון ,0,0,275,-275,0,0,,,,,,
1599200910,מלווה למענק איזון ענק ,0,0,0,0,0,0,,,,,,
1116000110,ועדת הנחות חומריות ,4500,4500,8376,-3876,86,86000,,,,,,
1611100110,השכר הקובע ,720,720,771,-51,7,7000,,,,,,
1611100120,תוספות שאינן נכללות בש ,37,37,35,2,5,5000,,,,,,
1611100140,החזר הוצאות ,221,221,206,15,6,6000,,,,,,
1611100181,הפרשות סוציאליות ,223,223,239,-16,7,7000,,,,,,
1611100182,מיסים ועלויות ,75,75,78,-3,4,4000,,,,,,
1612000110,השכר הקובע ,125,125,130,-5,4,4000,,,,,,
1612000120,תוספות שאינן נכללות בש ,2,2,2,0,0,0,,,,,,
1612000130,שעות נוספות ,0,0,0,0,0,0,,,,,,
1612000140,החזר הוצאות ,21,21,24,-3,14,14000,,,,,,
1612000181,הפרשות סוציאליות ,36,36,38,-2,5,5000,,,,,,
1612000182,מיסים ועלויות ,11,11,12,-1,9,9000,,,,,,
1613000110,השכר הקובע ,1051,1051,1067,-16,1,1000,,,,,,
1613000120,תוספות שאינן נכללות בשכר ,47,47,42,5,10,10000,,,,,,
1613000130,שעות נוספות ,41,41,39,2,4,4000,,,,,,
1613000140,החזר הוצאות ,337,337,296,41,12,12000,,,,,,
1613000181,הפרשות סוציאליות ,287,287,282,5,1,1000,,,,,,
1613000182,מיסים ועלויות ,112,112,110,2,1,1000,,,,,,
1613000320,פיצויים ,0,0,0,0,0,0,,,,,,
1619000110,השכר הקבוע-בחירות ,0,0,0,0,0,0,,,,,,
1619000120,תוספות שאינן נכללות-בחירו ,0,0,0,0,0,0,,,,,,
1619000140,החזר הוצאות-בחירות ,0,0,0,0,0,0,,,,,,
1619000181,הפרשות סוציאליות-בחירות ,0,0,0,0,0,0,,,,,,
1619000182,מיסים ועלויות-בחירות ,0,0,0,0,0,0,,,,,,
1621000110,השכר הקובע ,423,423,410,13,3,3000,,,,,,
1621000120,תוספות שאינן נכללות בשכר ,8,8,10,-2,25,25000,,,,,,
1621000130,שעות נוספות ,0,0,0,0,0,0,,,,,,
1621000140,החזר הוצאות ,43,43,49,-6,13,13000,,,,,,
1621000181,הפרשות סוציאליות ,68,68,77,-9,13,13000,,,,,,
1621000182,מיסים ועלויות ,36,36,36,0,0,0,,,,,,
1621000320,פיצויים ,500,500,269,231,46,46000,,,,,,
1623000110,השכר הקובע ,151,151,215,-64,42,42000,,,,,,
1623000120,תוספות שאינן נכללות בשכר ,31,31,31,0,0,0,,,,,,
1623000130,שעות נוספות ,2,2,2,0,0,0,,,,,,
1623000140,החזר הוצאות ,60,60,84,-24,40,40000,,,,,,
1623000181,הפרשות סוציאליות ,37,37,52,-15,40,40000,,,,,,
1623000182,מיסים ועלויות ,18,18,25,-7,38,38000,,,,,,
1711000110,השכר הקובע ,260,260,276,-16,6,6000,,,,,,
1711000120,תוספות שאינן נכללות בשכר ,22,22,19,3,13,13000,,,,,,
1711000130,שעות נוספות ,38,38,42,-4,10,10000,,,,,,
1711000140,החזר הוצאות ,86,86,89,-3,3,3000,,,,,,
1711000181,הפרשות סוציאליות ,57,57,59,-2,3,3000,,,,,,
1711000182,מיסים ועלויות ,30,30,32,-2,6,6000,,,,,,
1711000320,פיצויים ,0,0,0,0,0,0,,,,,,
1714200110,השכר הקובע ,42,42,51,-9,21,21000,,,,,,
1714200120,תוספות שאינן נכללות בשכר ,1,1,1,0,0,0,,,,,,
1714200130,שעות נוספות ,3,3,6,-3,100,100000,,,,,,
1714200140,החזר הוצאות ,9,9,7,2,22,22000,,,,,,
1714200181,הפרשות סוציאליות ,7,7,8,-1,14,14000,,,,,,
1714200182,מיסים ועלויות ,4,4,5,-1,25,25000,,,,,,
1721000110,השכר הקובע ,0,0,0,0,0,0,,,,,,
1728000110,השכר הקובע ,49,49,137,-88,179,179000,,,,,,
1728000120,תוספות שאינן נכללות ב ,3,3,3,0,0,0,,,,,,
1728000130,שעות נוספות ,0,0,3,-3,0,0,,,,,,
1728000140,החזר הוצאות ,16,16,19,-3,18,18000,,,,,,
1728000181,הפרשות סוציאליות ,10,10,16,-6,60,60000,,,,,,
1728000182,מיסים ועלויות ,5,5,12,-7,140,140000,,,,,,
1731000110,השכר הקובע ,434,434,499,-65,14,14000,,,,,,
1731000120,תוספות שאינן נכללות בשכר ,15,15,14,1,6,6000,,,,,,
1731000130,שעות נוספות ,0,0,7,-7,0,0,,,,,,
1731000140,החזר הוצאות ,109,109,111,-2,1,1000,,,,,,
1731000181,הפרשות סוציאליות ,112,112,129,-17,15,15000,,,,,,
1731000182,מיסים ועלויות ,42,42,48,-6,14,14000,,,,,,
1731000320,פיצויים ,0,0,0,0,0,0,,,,,,
1741000110,השכר הקובע ,0,0,0,0,0,0,,,,,,
1741000120,תוספות שאינן נלולות בש ,0,0,0,0,0,0,,,,,,
1741000130,שעות נוספות ,0,0,0,0,0,0,,,,,,
1741000140,החזר הוצאות ,0,0,0,0,0,0,,,,,,
1741000181,הפרשות סוציאליות ,0,0,0,0,0,0,,,,,,
1741000182,מיסים ועלויות ,0,0,0,0,0,0,,,,,,
1741000320,פיצויים ,0,0,0,0,0,0,,,,,,
1746000110,השכר הקובע ,125,125,131,-6,4,4000,,,,,,
1746000120,תוספות שאינן נכללות בשכר ,6,6,5,1,16,16000,,,,,,
1746000130,שעות נוספות ,0,0,0,0,0,0,,,,,,
1746000140,החזר הוצאות ,29,29,29,0,0,0,,,,,,
1746000181,הפרשות סוציאליות ,26,26,26,0,0,0,,,,,,
1746000182,מיסים ועלויות ,12,12,12,0,0,0,,,,,,
1746000320,פיצויים ,0,0,0,0,0,0,,,,,,
1823000110,השכר הקובע ,82,82,84,-2,2,2000,,,,,,
1823000120,תוספות שאינן נכללות בשכר ,1,1,1,0,0,0,,,,,,
1823000130,שעות נוספות ,0,0,0,0,0,0,,,,,,
1823000140,החזר הוצאות ,0,0,0,0,0,0,,,,,,
1823000181,הפרשות סוציאליות ,7,7,7,0,0,0,,,,,,
1823000182,מיסים ועלויות ,6,6,6,0,0,0,,,,,,
1824000110,השכר הקובע ,0,0,0,0,0,0,,,,,,
1824000120,תוספות שאינן נכללות בש ,0,0,0,0,0,0,,,,,,
1824000140,החזר הוצאות ,0,0,0,0,0,0,,,,,,
1824000320,פיצויים ,0,0,0,0,0,0,,,,,,
1828100110,השכר הקובע ,93,93,89,4,4,4000,,,,,,
1828100120,תוספות שאינן נכללות בש ,1,1,1,0,0,0,,,,,,
1828100130,שעות נספות ,0,0,0,0,0,0,,,,,,
1828100140,החזר הוצאות ,6,6,15,-9,150,150000,,,,,,
1828100181,הפרשות סוציאליות ,13,13,15,-2,15,15000,,,,,,
1828100182,מיסים ועלויות ,7,7,8,-1,14,14000,,,,,,
1828100320,פיצויים ,0,0,0,0,0,0,,,,,,
1828200110,השכר הקובע ,0,0,0,0,0,0,,,,,,
1828200181,הפרשות סוציאליות ,0,0,0,0,0,0,,,,,,
1828200182,מיסים ועלויות ,0,0,0,0,0,0,,,,,,
1828300110,השכר הקובע ,20,20,55,-35,175,175000,,,,,,
1828300120,תוספות שאינן נכללות בשכר הקו,1,1,0,1,100,100000,,,,,,
1828300130,שעות נוספות ,0,0,2,-2,0,0,,,,,,
1828300181,הפרשות סוציאליות ,1,1,2,-1,100,100000,,,,,,
1828300182,מסים ועלויות ,2,2,4,-2,100,100000,,,,,,
1829100110,השכר הקובע ,71,71,70,1,1,1000,,,,,,
1829100120,תוספות שאינן נכללות בשכר ,7,7,6,1,14,14000,,,,,,
1829100130,שעות נוספות ,16,16,18,-2,12,12000,,,,,,
1829100140,החזר הוצאות ,34,34,33,1,2,2000,,,,,,
1829100181,הפרשות סוציאליות ,15,15,15,0,0,0,,,,,,
1829100182,מיסים ועלויות ,10,10,10,0,0,0,,,,,,
1829100320,פיצויים ,0,0,0,0,0,0,,,,,,
1829300110,השכר הקובע ,23,23,45,-22,95,95000,,,,,,
1829300120,תוספות שאינן נכללות בשכר ,0,0,0,0,0,0,,,,,,
1829300130,שעות נוספות ,1,1,22,-21,100,100000,,,,,,
1829300140,החזר הוצאות ,0,0,0,0,0,0,,,,,,
1829300181,הפרשות סוציאליות ,1,1,2,-1,100,100000,,,,,,
1829300182,מיסים ועלויות ,2,2,5,-3,150,150000,,,,,,
1853000110,השכר הקובע ,0,0,0,0,0,0,,,,,,
1853000120,תוספות שאינן נכללות בש ,0,0,0,0,0,0,,,,,,
1853000130,שעות נוספות ,0,0,0,0,0,0,,,,,,
1853000140,החזר הוצאות ,0,0,0,0,0,0,,,,,,
1853000181,הפרשות סוציאליות ,0,0,0,0,0,0,,,,,,
1853000182,מיסים ועלויות ,0,0,0,0,0,0,,,,,,
1853000320,פיצויים ,0,0,0,0,0,0,,,,,,
1913200110,השכר הקובע ,0,0,228,-228,0,0,,,,,,
1913200120,תוספות שאינן נכללות בש ,0,0,16,-16,0,0,,,,,,
1913200130,שעות נוספות ,0,0,39,-39,0,0,,,,,,
1913200140,החזר הוצאות ,0,0,83,-83,0,0,,,,,,
1913200181,הפרשות סוציאליות ,0,0,54,-54,0,0,,,,,,
1913200182,מיסים ועלויות ,0,0,28,-28,0,0,,,,,,
1994000110,השכר הקובע ,16,16,24,-8,50,50000,,,,,,
1994000120,תוספות שאינן נכללות בשכר ,4,4,5,-1,25,25000,,,,,,
1994000140,החזר הוצאות ,0,0,-3,3,0,0,,,,,,
1994000181,הפרשוצ סוציאליות ,1,1,0,1,100,100000,,,,,,
1994000182,מיסים ועלויות ,10,10,18,-8,80,80000,,,,,,
1994000310,פינסיה ,139,139,170,-31,22,22000,,,,,,
1610000000,מינהל כללי ,0,0,0,0,0,0,,,,,,
1611000000,הנהלה ומועצה ,0,0,0,0,0,0,,,,,,
1611100000,ראש הרשות המקומית וסגניו ,0,0,0,0,0,0,,,,,,
1611100441,ביטוח ,2,2,1,1,50,50000,,,,,,
1611100511,אירוח וכיבוד ,0,0,0,0,0,0,,,,,,
1611100514,רכישת מתנות ,0,0,0,0,0,0,,,,,,
1611100521,השתלמויות ,17,17,24,-7,41,41000,,,,,,
1611100522,ספרות מקצועית ועתונים ,0,0,0,0,0,0,,,,,,
1611100523,דמי חבר באירגונים ,19,19,26,-7,36,36000,,,,,,
1611100536,ביטוח תאונ' אישיות נבחרים ,0,0,0,0,0,0,,,,,,
1611100540,הוצאות תקשורת ,7,7,4,3,42,42000,,,,,,
1611100550,הוצאות פרסום ,0,0,1,-1,0,0,,,,,,
1611100580,הוצאות ארגוניות/אחרות ,0,0,0,0,0,0,,,,,,
1611100780,הוצאות שונות ,0,0,0,0,0,0,,,,,,
1611100810,תרומות ראש המועצה ,0,0,0,0,0,0,,,,,,
1612000000,מבקר הרשות ,0,0,0,0,0,0,,,,,,
1612000521,השתלמויות ,0,0,0,0,0,0,,,,,,
1612000522,ספרות מקצועית ועתונים ,0,0,0,0,0,0,,,,,,
1612000523,דמי חבר באירגונים ,0,0,0,0,0,0,,,,,,
1612000930,רכישת ציוד יסודי ,0,0,0,0,0,0,,,,,,
1613000000,מזכירות ,0,0,0,0,0,0,,,,,,
1613000431,חשמל ,50,50,50,0,0,0,,,,,,
1613000432,מים ,30,30,8,22,73,73000,,,,,,
1613000433,חומרי נקיון ,0,0,1,-1,0,0,,,,,,
1613000434,שרותי נקיון ,25,25,46,-21,84,84000,,,,,,
1613000441,ביטוח ,0,0,31,-31,0,0,,,,,,
1613000450,רהוט ואחזקתו ,0,0,0,0,0,0,,,,,,
1613000470,ציוד משרדי מתכלה ,25,25,56,-31,124,124000,,,,,,
1613000510,כיבוד ללא עודפות ,20,20,38,-18,90,90000,,,,,,
1613000511,אירוח וכיבוד ,5,5,22,-17,340,340000,,,,,,
1613000514,רכישת מתנות ,25,25,31,-6,24,24000,,,,,,
1613000521,השתלמויות ,20,20,12,8,40,40000,,,,,,
1613000522,ספרות מקצועית ועותנים ,3,3,3,0,0,0,,,,,,
1613000523,דמי חבר באירגונים ,35,35,38,-3,8,8000,,,,,,
1613000540,הוצאות תקשורת ,120,120,80,40,33,33000,,,,,,
1613000550,הוצאות פרסום ,30,30,49,-19,63,63000,,,,,,
1613000560,הוצאות משרדיות ,0,0,0,0,0,0,,,,,,
1613000580,הוצאות ארגוניות/אחרות ,17,17,43,-26,152,152000,,,,,,
1613000720,חומרים ,1,1,2,-1,100,100000,,,,,,
1613000730,טיוטה 06-743-12 ,0,0,0,0,0,0,,,,,,
1613000731,דלק ושמנים ,40,40,33,7,17,17000,,,,,,
1613000732,תיקונים ,10,10,23,-13,130,130000,,,,,,
1613000733,רישוי וביטוח ,15,15,8,7,46,46000,,,,,,
1613000743,רכישת כלים ומכשור ,1,1,5,-4,400,400000,,,,,,
1613000750,עבודות קבלניות ,50,50,62,-12,24,24000,,,,,,
1613000751,שמירה בנין המועצה ,95,95,99,-4,4,4000,,,,,,
1613000780,הוצאות שונות ,3,3,0,3,100,100000,,,,,,
1613000810,השתתפות ותרומות ,0,0,0,0,0,0,,,,,,
1613000930,רכישת ציוד יסודי ,0,0,17,-17,0,0,,,,,,
1613000970,הוצאות עודפות ,25,25,22,3,12,12000,,,,,,
1614000000,הסברה ויחסי ציבור ,0,0,0,0,0,0,,,,,,
1614000523,דמי חבר באירגונים ,0,0,0,0,0,0,,,,,,
1615000000,מנגנון ,0,0,0,0,0,0,,,,,,
1615000521,השתלמויות ,0,0,0,0,0,0,,,,,,
1616000000,"או""ש והדרכה ",0,0,0,0,0,0,,,,,,
1616000980,הוצאות אחרות ,0,0,0,0,0,0,,,,,,
1617000000,שרות משפטי ,0,0,0,0,0,0,,,,,,
1617000750,עבודות קבלניות ,110,110,111,-1,0,0,,,,,,
1617000751,הוצ' מישפטיות ,100,100,259,-159,159,159000,,,,,,
1619000750,עבודות קבלניות ,0,0,0,0,0,0,,,,,,
1621000000,הגזברות ,0,0,0,0,0,0,,,,,,
1621000521,השתלמויות ,5,5,5,0,0,0,,,,,,
1621000522,ספרות מקצועית ועותנים ,3,3,0,3,100,100000,,,,,,
1621000523,דמי חבר באירגונים ,0,0,2,-2,0,0,,,,,,
1621000540,הוצאות תקשורת ,3,3,2,1,33,33000,,,,,,
1621000560,הוצאות משרדיות ,0,0,0,0,0,0,,,,,,
1621000743,רכישת כלים ומכשור ,0,0,0,0,0,0,,,,,,
1621000750,עבודות קבלניות ,151,151,222,-71,47,47000,,,,,,
1621000780,הוצאות שונות ,0,0,0,0,0,0,,,,,,
1621000930,רכישת ציוד יסודי ,0,0,6,-6,0,0,,,,,,
1621300000,הנהלת חשבונות ,0,0,0,0,0,0,,,,,,
1621300580,הוצאות אורגניות/אחרות ,0,0,0,0,0,0,,,,,,
1621300750,עבודות קבלניות ,465,465,572,-107,23,23000,,,,,,
1621700570,מיכון ועיבוד ניתונים ,200,200,219,-19,9,9000,,,,,,
1623000000,שומה וגביה ,0,0,0,0,0,0,,,,,,
1623000521,השתלמויות ,0,0,15,-15,0,0,,,,,,
1623000540,הוצאות תקשורת ,0,0,1,-1,0,0,,,,,,
1623000580,הוצאות אורגניות/אחרות ,0,0,0,0,0,0,,,,,,
1623000750,עבודות קבלניות ,100,100,22,78,78,78000,,,,,,
1623000930,רכישת ציוד יסודי ,0,0,0,0,0,0,,,,,,
1623100750,עבודות קבלניות ,0,0,0,0,0,0,,,,,,
1631000000,הוצאות מימון ,0,0,0,0,0,0,,,,,,
1632000000,הוצאות מימון ,0,0,0,0,0,0,,,,,,
1640000000,פרעון מלוות ,0,0,0,0,0,0,,,,,,
1648100000,פרעון מלוות אחר ,0,0,0,0,0,0,,,,,,
1649100000,פרעון מלוות מים וביוב ,0,0,0,0,0,0,,,,,,
1711000000,תברואה ,0,0,0,0,0,0,,,,,,
1711000521,השתלמויות ,1,1,1,0,0,0,,,,,,
1711000523,דמי חבר באירגונים ,1,1,0,1,100,100000,,,,,,
1711000540,הוצאות תקשורת ,0,0,0,0,0,0,,,,,,
1711000560,הוצאות משרדיות ,0,0,0,0,0,0,,,,,,
1711000580,הוצאות ארגוניות/אחרות ,0,0,0,0,0,0,,,,,,
1711000700,רכב מיול ,0,0,0,0,0,0,,,,,,
1711000720,חומרים-תברואה ,10,10,2,8,80,80000,,,,,,
1711000730,רכב מיול 42-816-27 ,0,0,0,0,0,0,,,,,,
1711000731,דלק ושמנים ,20,20,31,-11,55,55000,,,,,,
1711000732,תיקונים ,10,10,39,-29,290,290000,,,,,,
1711000733,רישוי וביטוח ,5,5,6,-1,20,20000,,,,,,
1711000743,רכישת כלים ומכשור ,10,10,18,-8,80,80000,,,,,,
1711000750,עבודות קבלניות ,45,45,160,-115,255,255000,,,,,,
1711000930,רכישת ציוד יסודי ,0,0,5,-5,0,0,,,,,,
1712200000,ניקוי רחובות ,0,0,0,0,0,0,,,,,,
1712200720,חומרים ,0,0,0,0,0,0,,,,,,
1712200730,מחפרון B.C.J ,0,0,0,0,0,0,,,,,,
1712200731,דלק ושמנים בובקט ,70,70,168,-98,140,140000,,,,,,
1712200732,תיקונים בובקט ,12,12,48,-36,300,300000,,,,,,
1712200733,רישוי וביטוח-בובקט ,8,8,17,-9,112,112000,,,,,,
1712200743,רכישת כלים ומכשור ,0,0,0,0,0,0,,,,,,
1712200750,עבודות קבלניות ,0,0,0,0,0,0,,,,,,
1712200930,רכישת ציוד יסודי ,0,0,0,0,0,0,,,,,,
1712300000,אסוף וביעור אשפה ,0,0,0,0,0,0,,,,,,
1712300720,חומרים ,0,0,0,0,0,0,,,,,,
1712300750,עבודות קבלניות ,960,960,1042,-82,8,8000,,,,,,
1713000000,פקוח תברואי ,0,0,0,0,0,0,,,,,,
1713100000,מינהל פיקוח תברואי ,0,0,0,0,0,0,,,,,,
1714200523,דמי חבר באירגונים ,0,0,0,0,0,0,,,,,,
1714200720,חומרים ,0,0,0,0,0,0,,,,,,
1714200750,עבודות קבלניות ,0,0,0,0,0,0,,,,,,
1714300000,מלחמה בכלבת ,0,0,0,0,0,0,,,,,,
1714300720,חומרים ,1,1,23,-22,200,200000,,,,,,
1715000000,תברואה מונעת ,0,0,0,0,0,0,,,,,,
1715100000,מינהל תברואה מונעת ,0,0,0,0,0,0,,,,,,
1715200720,חומרים ,0,0,0,0,0,0,,,,,,
1715200743,רכישת כלים ומכשור ,0,0,0,0,0,0,,,,,,
1715200750,עבודות קבלניות ,0,0,0,0,0,0,,,,,,
1715300000,הדברת מזיקים ,0,0,0,0,0,0,,,,,,
1715300521,השתלמויות ,0,0,0,0,0,0,,,,,,
1715300720,חומרים ,80,80,110,-30,37,37000,,,,,,
1715300743,רכישת כלים ומכשור ,0,0,0,0,0,0,,,,,,
1715300750,עבודות קבלניות ,0,0,0,0,0,0,,,,,,
1721000521,השתלמויות ,0,0,0,0,0,0,,,,,,
1721000523,דמי חבר בארגונים ,0,0,0,0,0,0,,,,,,
1722000750,עבודות קבלניות ,0,0,0,0,0,0,,,,,,
1723000830,"השתת' הבג""א ",46,46,49,-3,6,6000,,,,,,
1724000580,הוצאות ארגוניות/אחרות ,0,0,0,0,0,0,,,,,,
1724000830,השתת' באיגוד ערים ,200,200,235,-35,17,17000,,,,,,
1725000930,רכישת ציוד יסודי ,0,0,0,0,0,0,,,,,,
1725100720,"חומרים-זה""ב ",0,0,0,0,0,0,,,,,,
1725100750,עבודות קבלניות ,0,0,0,0,0,0,,,,,,
1725100930,רכישת ציוד יסודי ,0,0,0,0,0,0,,,,,,
1726100750,משק לשעת חרום ,0,0,0,0,0,0,,,,,,
1728000000,עיר ללא אלימות ,0,0,0,0,0,0,,,,,,
1728000511,כיבוד-עיר ללא אלימות ,0,0,1,-1,0,0,,,,,,
1728000550,הוצאות פרסום-עיר ללא אלימות ,0,0,14,-14,0,0,,,,,,
1728000580,הוצאות ארגוניות/אחרות ,0,0,0,0,0,0,,,,,,
1728000750,עבודות קבלניות-עיר ללא אלימו,0,0,10,-10,0,0,,,,,,
1728000810,חוגי העשרה-עיר ללא אלימות ,0,0,113,-113,0,0,,,,,,
1730000000,תכנון ובנין עיר ,0,0,0,0,0,0,,,,,,
1731000000,משרד מהנדס הרשות ,0,0,0,0,0,0,,,,,,
1731000441,ביטוח ,0,0,0,0,0,0,,,,,,
1731000521,השתלמויות ,1,1,7,-6,600,600000,,,,,,
1731000522,ספרות מקצועית ועותנים ,0,0,0,0,0,0,,,,,,
1731000523,דמי חבר באירגונים ,2,2,0,2,100,100000,,,,,,
1731000540,הוצאות תקשורת ,0,0,0,0,0,0,,,,,,
1731000550,הוצאות פרסום ,0,0,0,0,0,0,,,,,,
1731000560,הוצאות משרדיות ,0,0,0,0,0,0,,,,,,
1731000750,עבודות קבלניות ,250,250,202,48,19,19000,,,,,,
1731000751,"שכ""ט מהנדס ",0,0,0,0,0,0,,,,,,
1731000930,רכישת ציוד יסודי ,10,10,10,0,0,0,,,,,,
1732100000,תכנון כללי ,0,0,0,0,0,0,,,,,,
1732100560,הוצאות משרדיות ,0,0,0,0,0,0,,,,,,
1732100750,עבודות קבלניות ,10,10,0,10,100,100000,,,,,,
1732200000,תוכניות אב ,0,0,0,0,0,0,,,,,,
1732200750,עבודות קבלניות ,0,0,0,0,0,0,,,,,,
1732300000,מדידות ,0,0,0,0,0,0,,,,,,
1732300750,עבודות קבלניות ,0,0,0,0,0,0,,,,,,
1733000000,רישוי ופקוח על הבניה ,0,0,0,0,0,0,,,,,,
1733100000,אגרות רשיונות בניה ,0,0,0,0,0,0,,,,,,
1733400760,ועדה לתכנון בניה שמעונים ,586,586,411,175,29,29000,,,,,,
1734000000,מדידות ,0,0,0,0,0,0,,,,,,
1735000000,תכנית אב ,0,0,0,0,0,0,,,,,,
1740000000,נכסים צבוריים-ש.פ.ה ,0,0,0,0,0,0,,,,,,
1741000000,מינהל נכסים ציבוריים ,0,0,0,0,0,0,,,,,,
1741000470,ציוד משרדי מתכלה ,0,0,0,0,0,0,,,,,,
1741000521,השתלמויות ,0,0,0,0,0,0,,,,,,
1741000523,דמי חבר באירגונים ,0,0,0,0,0,0,,,,,,
1741000540,הוצאות תקשורת ,0,0,0,0,0,0,,,,,,
1741000720,חומרים ,0,0,0,0,0,0,,,,,,
1741000743,רכישת כלים ומכשור ,0,0,0,0,0,0,,,,,,
1741000750,עבודות קבלניות ,0,0,0,0,0,0,,,,,,
1742000000,דרכים ומדרכות ,0,0,0,0,0,0,,,,,,
1742000750,עבודות קבלניות ,0,0,0,0,0,0,,,,,,
1742100000,אחזקת כבישים עורקיים ,0,0,0,0,0,0,,,,,,
1742100720,חומרים ,0,0,0,0,0,0,,,,,,
1742100750,עבודות קבלניות ,0,0,0,0,0,0,,,,,,
1742200000,אחז כבישים פנימיים ומדרכו ,0,0,0,0,0,0,,,,,,
1742200720,חומרים ,0,0,0,0,0,0,,,,,,
1743000000,תאורת רחובות ,0,0,0,0,0,0,,,,,,
1743000431,חשמל ,250,250,313,-63,25,25000,,,,,,
1743000720,חומרים ,0,0,0,0,0,0,,,,,,
1743000750,עבודות קבלניות ,45,45,46,-1,2,2000,,,,,,
1743000771,חשמל לפעולות ,0,0,0,0,0,0,,,,,,
1744000000,בטיחות בדרכים ,0,0,0,0,0,0,,,,,,
1744000470,"ציוד משרדי-זה""ב ",0,0,0,0,0,0,,,,,,
1744000750,עבודות קבלניות ,0,0,0,0,0,0,,,,,,
1744100000,תחזוקת רמזורים ואיי תנועה ,0,0,0,0,0,0,,,,,,
1744400720,חומרים ,0,0,0,0,0,0,,,,,,
1744400750,עבודות קבלניות ,60,60,129,-69,115,115000,,,,,,
1744400930,רכישת ציוד יסודי ,0,0,0,0,0,0,,,,,,
1744400950,הוצאות תכנון ,0,0,0,0,0,0,,,,,,
1745000000,תיעול וניקוז ,0,0,0,0,0,0,,,,,,
1745000720,חומרים ,0,0,0,0,0,0,,,,,,
1745000741,השכרת כלים מכשירים וציוד ,0,0,0,0,0,0,,,,,,
1745000743,רכישת כלים ומכשור ,0,0,0,0,0,0,,,,,,
1745000750,עבודות קבלניות ,0,0,0,0,0,0,,,,,,
1745000830,השתתפות ברשות הנקוז ,40,40,40,0,0,0,,,,,,
1745300000,ריקון בורות שופכין ,0,0,0,0,0,0,,,,,,
1746000000,גנים ונטיעות ,0,0,0,0,0,0,,,,,,
1746000521,השתלמויות ,2,2,1,1,50,50000,,,,,,
1746000523,דמי חבר באירגונים ,0,0,0,0,0,0,,,,,,
1746000540,הוצאות תקשורת ,0,0,0,0,0,0,,,,,,
1746000720,חומרים ,0,0,0,0,0,0,,,,,,
1746000743,רכישת כלים ומכשור ,3,3,6,-3,100,100000,,,,,,
1746000750,עבודות קבלניות ,60,60,157,-97,161,161000,,,,,,
1746000930,רכישת ציוד יסודי ,0,0,0,0,0,0,,,,,,
1746100000,גינות ציבוריים ,0,0,0,0,0,0,,,,,,
1746100432,מים ,150,150,23,127,84,84000,,,,,,
1746100521,השתלמויות ,0,0,0,0,0,0,,,,,,
1746100720,חומרים ,0,0,0,0,0,0,,,,,,
1746100730,מכסחת דשא 843-51 ,0,0,0,0,0,0,,,,,,
1746100731,דלק ושמנים ,0,0,4,-4,0,0,,,,,,
1746100732,תיקונים ,2,2,2,0,0,0,,,,,,
1746100733,רישוי וביטוח ,3,3,3,0,0,0,,,,,,
1746100741,השכרת כלים מכשירים וציוד ,0,0,0,0,0,0,,,,,,
1746100743,רכישת כלים ומכשור ,0,0,0,0,0,0,,,,,,
1746100750,עבודות קבלניות ,0,0,0,0,0,0,,,,,,
1746100930,רכישת ציוד יסודי ,0,0,0,0,0,0,,,,,,
1746400000,ריהוט רחוב ומתקני משחקים ,0,0,0,0,0,0,,,,,,
1748000000,בתי עלמין ,0,0,0,0,0,0,,,,,,
1750000000,חגיגות מבצעים וארועים ,0,0,0,0,0,0,,,,,,
1751000000,חגיגות יום העצמאות ,0,0,0,0,0,0,,,,,,
1751000580,הוצאות ארגוניות/אחרות ,0,0,0,0,0,0,,,,,,
1751000720,חומרים ,0,0,0,0,0,0,,,,,,
1751000741,השכרת כלים ,0,0,0,0,0,0,,,,,,
1751000750,עבודות קבלניות ,0,0,0,0,0,0,,,,,,
1752000000,חגיגות וטכסים אחרים ,0,0,0,0,0,0,,,,,,
1752000580,הוצאות ארגוניות/אחרות ,0,0,37,-37,0,0,,,,,,
1752000720,חומרים ,0,0,0,0,0,0,,,,,,
1752000743,רכישת כלים ומכשור ,0,0,0,0,0,0,,,,,,
1752000750,עבודות קבלניות ,0,0,0,0,0,0,,,,,,
1753000000,פעולות אימוץ ,0,0,0,0,0,0,,,,,,
1753000810,הועד למען החייל ,0,0,0,0,0,0,,,,,,
1753000811,הועד למען השוטר המרחבי ,0,0,0,0,0,0,,,,,,
1756000513,נסיעות ,0,0,0,0,0,0,,,,,,
1756000580,הוצאות ארגוניות/אחרות ,0,0,0,0,0,0,,,,,,
1761000000,השת.במוסדות כלליים ,0,0,0,0,0,0,,,,,,
1762000000,השתת בועדים מקומים ,0,0,0,0,0,0,,,,,,
1765000750,עבודות קבלניות ,0,0,0,0,0,0,,,,,,
1767000000,בטוח אלמנטרי לרשות ,0,0,0,0,0,0,,,,,,
1767000441,ביטוח ,82,82,87,-5,6,6000,,,,,,
1773100810,הון מניות ,0,0,0,0,0,0,,,,,,
1773200810,הלוואת בעלים ןשטרי הון ,0,0,0,0,0,0,,,,,,
1811000000,מינהל חינוך ,0,0,0,0,0,0,,,,,,
1812200000,גני ילדים-חובה ,0,0,0,0,0,0,,,,,,
1812300000,גני ילדים-טרום חובה ,0,0,0,0,0,0,,,,,,
1813200000,"בי""ס יסודי חורה א' ",0,0,0,0,0,0,,,,,,
1813201000,"בי""ס יסודי אלעטאונה ",0,0,0,0,0,0,,,,,,
1813202000,"בי""ס יסודי חורה ב'-אלמג'ד ",0,0,0,0,0,0,,,,,,
1813203000,"בי""ס יסודי אלביאדר ",0,0,0,0,0,0,,,,,,
1813300000,"בי""ס חינוך מיוחד ",0,0,0,0,0,0,,,,,,
1813301000,חינוך מיוחד ללא תקן ,0,0,0,0,0,0,,,,,,
1813302000,"בי""ס אלופאא לאוטיסטים ",0,0,0,0,0,0,,,,,,
1813600000,"מרכז מתי""א ",0,0,0,0,0,0,,,,,,
1814000000,"בי""ס חט""ב חורה ",0,0,0,0,0,0,,,,,,
1814001000,"בי""ס אלנור-עתיד ",0,0,0,0,0,0,,,,,,
1815200000,"ביס""ס תיכון - עמל ",0,0,0,0,0,0,,,,,,
1815201000,"בי""ס תיכון - עתיד אלנור ",0,0,0,0,0,0,,,,,,
1815202000,"בי""ס תיכון - סכנין ",0,0,0,0,0,0,,,,,,
1815203000,"בי""ס תיכון - אלעהד ",0,0,0,0,0,0,,,,,,
1815204000,"בי""ס תיכון אלסלאם ",0,0,0,0,0,0,,,,,,
1816800000,קרן מילגות עירונית ,0,0,0,0,0,0,,,,,,
1817300000,שרות פסיכולוגי חינוכי ,0,0,0,0,0,0,,,,,,
1817400000,שרותי בריאות לתלמיד ,0,0,0,0,0,0,,,,,,
1817500000,בטוח תלמידים ,0,0,0,0,0,0,,,,,,
1817600000,רווחה חינוכית ,0,0,0,0,0,0,,,,,,
1817701000,"קס""ס שכר מדריכים ",0,0,0,0,0,0,,,,,,
1817800000,הסעת ילדים ,0,0,0,0,0,0,,,,,,
1817900000,"שרותים נוספים לבתי""ס וגני ",0,0,0,0,0,0,,,,,,
1818000000,חינוך מבוגרים ,0,0,0,0,0,0,,,,,,
1818200000,אוניברסיטאות ,0,0,0,0,0,0,,,,,,
1822000000,פעולות תרבות ,0,0,0,0,0,0,,,,,,
1822000431,חשמל ,0,0,0,0,0,0,,,,,,
1822000511,אירוח וכיבוד ,0,0,0,0,0,0,,,,,,
1822000521,השתלמויות ,0,0,0,0,0,0,,,,,,
1822000550,הוצאות פרסום ,0,0,0,0,0,0,,,,,,
1822000580,הוצאות ארגוניות/אחרות ,0,0,0,0,0,0,,,,,,
1822000750,עבודות קבלניות ,0,0,0,0,0,0,,,,,,
1823000000,סיפריה עירונית ,0,0,0,0,0,0,,,,,,
1823000431,חשמל ,35,35,35,0,0,0,,,,,,
1823000432,מים ,18,18,3,15,83,83000,,,,,,
1823000433,חומרי נקיון ,0,0,0,0,0,0,,,,,,
1823000434,שרותי ניקיון-סיפריה ,10,10,10,0,0,0,,,,,,
1823000470,ציוד משרדי-סיפריה ,0,0,0,0,0,0,,,,,,
1823000521,השתלמויות-ספריה ,1,1,0,1,100,100000,,,,,,
1823000540,הוצאות תקשורת ,2,2,10,-8,400,400000,,,,,,
1823000560,הוצאות משרדיות-סיפריה ,0,0,0,0,0,0,,,,,,
1823000580,הוצאות ארגוניות/אחרות ,0,0,0,0,0,0,,,,,,
1823000720,חומרים-סיפריה ,0,0,0,0,0,0,,,,,,
1823000743,"כלים, מכשירים וציוד ",0,0,0,0,0,0,,,,,,
1823000750,עבודות קבלניות-סיפריה ,7,7,7,0,0,0,,,,,,
1823000751,שמירה ,8,8,0,8,100,100000,,,,,,
1823000780,הוצאות שונות-סיפריה ,0,0,0,0,0,0,,,,,,
1823000930,רכישת ציוד יסודי ,0,0,0,0,0,0,,,,,,
1824000000,"מתנ""סים ",0,0,0,0,0,0,,,,,,
1824000410,"דמי הוון מתנ""ס ",0,0,0,0,0,0,,,,,,
1824000431,חשמל ,23,23,52,-29,126,126000,,,,,,
1824000432,מים ,35,35,2,33,94,94000,,,,,,
1824000433,חומרי נקיון ,0,0,0,0,0,0,,,,,,
1824000434,שרותי נקיון ,12,12,51,-39,325,325000,,,,,,
1824000470,ציוד משרדי מתכלה ,0,0,0,0,0,0,,,,,,
1824000521,השתלמויות ,0,0,0,0,0,0,,,,,,
1824000540,"הוצאות תקשורת מתנ""ס ",0,0,0,0,0,0,,,,,,
1824000750,עבודות קבלניות ,0,0,34,-34,0,0,,,,,,
1824000751,"שמירה-מתנ""ס ",0,0,73,-73,0,0,,,,,,
1824000780,הוצאות שונות ,0,0,0,0,0,0,,,,,,
1824000810,השתתפות ותרומות ,300,300,640,-340,113,113000,,,,,,
1824000811,"החזר הוצאות למתנ""ס ",100,100,0,100,100,100000,,,,,,
1824000930,רכישת ציוד יסודי ,0,0,0,0,0,0,,,,,,
1826400000,מועדון לאשה ,0,0,0,0,0,0,,,,,,
1826400410,"מועדון לאישה-שכ""ד ",0,0,3,-3,0,0,,,,,,
1826400431,חשמל ,0,0,0,0,0,0,,,,,,
1826400470,ציוד משרדי מתכלה ,0,0,0,0,0,0,,,,,,
1826400580,הוצאות ארגוניות/אחרות ,0,0,0,0,0,0,,,,,,
1826400750,עבודות קבלניות-מ.נשים ,0,0,0,0,0,0,,,,,,
1828100000,מינהל הנוער ,0,0,0,0,0,0,,,,,,
1828100750,עב' קבלניות-מינהל הנוער ,0,0,2,-2,0,0,,,,,,
1828200810,מרחב פתוח נוער ,0,0,0,0,0,0,,,,,,
1828300000,חוגי נוער ,0,0,0,0,0,0,,,,,,
1828300470,ציוד משרדי מתכלה ,0,0,0,0,0,0,,,,,,
1828300511,אירוח וכיבוד ,0,0,0,0,0,0,,,,,,
1828300514,רכישת מתנות ,0,0,0,0,0,0,,,,,,
1828300580,הוצאות ארגוניות/אחרות ,0,0,0,0,0,0,,,,,,
1828300710,הובלות והסעות קבלניות ,0,0,0,0,0,0,,,,,,
1828300720,חומרים ,0,0,0,0,0,0,,,,,,
1828300750,עבודות קבלניות ,0,0,0,0,0,0,,,,,,
1828300780,הוצאות שונות ,0,0,0,0,0,0,,,,,,
1828300810,השתתפות בחוגי העשרה ,0,0,0,0,0,0,,,,,,
1828400000,קיטנות נוער ,0,0,0,0,0,0,,,,,,
1828400470,ציוד משרדי מתכלה ,0,0,0,0,0,0,,,,,,
1828400511,אירוח וכיבוד ,0,0,0,0,0,0,,,,,,
1828400560,הוצאות משרדיות ,0,0,0,0,0,0,,,,,,
1828400580,הוצאות ארגוניות/אחרות ,0,0,0,0,0,0,,,,,,
1828400720,חומרים ,0,0,0,0,0,0,,,,,,
1828400743,רכישת כלים ומכשור ,0,0,0,0,0,0,,,,,,
1828400750,עבודות קבלניות ,0,0,0,0,0,0,,,,,,
1828400780,הוצאות שונות ,0,0,0,0,0,0,,,,,,
1828400930,רכישת ציוד יסודי ,0,0,0,0,0,0,,,,,,
1829000000,ספורט ,0,0,0,0,0,0,,,,,,
1829100000,מינהל הספורט ,0,0,0,0,0,0,,,,,,
1829100441,ביטוח ,0,0,0,0,0,0,,,,,,
1829100511,אירוח וכיבוד ,0,0,0,0,0,0,,,,,,
1829100521,השתלמויות-ספורט ,1,1,3,-2,200,200000,,,,,,
1829100522,ספרות מקצועית ועתונות ,0,0,0,0,0,0,,,,,,
1829100523,דמי חבר בארגונים-ספורט ,0,0,1,-1,0,0,,,,,,
1829100540,הוצאות תקשורת ,0,0,0,0,0,0,,,,,,
1829100580,הוצאות ארגוניות/אחרות ,0,0,0,0,0,0,,,,,,
1829200431,חשמל ,5,5,0,5,100,100000,,,,,,
1829200432,מים ,20,20,0,20,100,100000,,,,,,
1829200434,שרותי נקיון ,12,12,0,12,100,100000,,,,,,
1829300000,פעולות ספורט ,0,0,0,0,0,0,,,,,,
1829300511,אירוח וכיבוד - ספורט ,0,0,5,-5,0,0,,,,,,
1829300522,ספרות מקצועית ועתונות ,0,0,0,0,0,0,,,,,,
1829300580,הוצאות ארגוניות/אחרות ,20,20,2,18,90,90000,,,,,,
1829300720,חומרים ,0,0,0,0,0,0,,,,,,
1829300743,רכישת כלים ומכשור ,20,20,30,-10,50,50000,,,,,,
1829300750,עבודות קבלניות ,3,3,81,-78,600,600000,,,,,,
1829300780,הוצאות שונות ,0,0,0,0,0,0,,,,,,
1829300810,השתת' בתקציב פעלות ספו ,0,0,0,0,0,0,,,,,,
1829300930,רכישת ציוד יסודי ,0,0,6,-6,0,0,,,,,,
1829300980,הוצאות אחרות ,0,0,0,0,0,0,,,,,,
1829900000,ארגוני ספורט ,0,0,0,0,0,0,,,,,,
1830000000,בריאות ,0,0,0,0,0,0,,,,,,
1832000000,מרפאות ,0,0,0,0,0,0,,,,,,
1832200000,מרפאות כלליות ,0,0,0,0,0,0,,,,,,
1832200720,חומרים ,0,0,0,0,0,0,,,,,,
1832200750,עבודות קבלניות ,0,0,0,0,0,0,,,,,,
1832200930,רכישת ציוד יסודי ,0,0,0,0,0,0,,,,,,
1832400000,תחנות אם וילד ,0,0,0,0,0,0,,,,,,
1832400410,שכר דירה ודמי חכירה ,0,0,0,0,0,0,,,,,,
1832400431,חשמל ,15,15,17,-2,13,13000,,,,,,
1832400432,מים ,25,25,2,23,92,92000,,,,,,
1832400433,חומרי נקיון ,0,0,0,0,0,0,,,,,,
1832400434,שרותי נקיון ,24,24,12,12,50,50000,,,,,,
1832400540,הוצאות תקשורת ,0,0,0,0,0,0,,,,,,
1832400720,חומרים ,0,0,0,0,0,0,,,,,,
1832400743,רכישת כלים מכשירים וציוד ,0,0,0,0,0,0,,,,,,
1832400750,עבודות קבלניות ,0,0,13,-13,0,0,,,,,,
1832400930,רכישת ציוד יסודי ,0,0,0,0,0,0,,,,,,
1833300520,ספרות מקצועית ועתנות ,0,0,0,0,0,0,,,,,,
1833300560,הוצאות משרדיות ,0,0,0,0,0,0,,,,,,
1833300580,הוצאות ארגוניות/אחרות ,0,0,0,0,0,0,,,,,,
1835000000,מוסדות בריאות אחרים ,0,0,0,0,0,0,,,,,,
1835000720,חומרים ,0,0,0,0,0,0,,,,,,
1835000740,כלים מכשירים וציוד ,0,0,0,0,0,0,,,,,,
1835000750,עבודות קבלניות ,0,0,0,0,0,0,,,,,,
1836200780,השתתפות בנ.ט.נ ,0,0,0,0,0,0,,,,,,
1837000980,הוצאות אחרות ,0,0,0,0,0,0,,,,,,
1841000000,מינהל הרווחה ,0,0,0,0,0,0,,,,,,
1842000000,רווחת הפרט והמשפחה ,0,0,0,0,0,0,,,,,,
1843000000,שרותים לילד ולנוער ,0,0,0,0,0,0,,,,,,
1844000000,שירותים לזקן ,0,0,0,0,0,0,,,,,,
1845000000,שרותים למפגר ,0,0,0,0,0,0,,,,,,
1846000000,שרותי שיקום ,0,0,0,0,0,0,,,,,,
1847000000,שרותי תיקון ,0,0,0,0,0,0,,,,,,
1848000000,עבודות קהילתיות ,0,0,0,0,0,0,,,,,,
1853000000,שרותי דת למוסלמים ,0,0,0,0,0,0,,,,,,
1853000431,חשמל ,30,30,26,4,13,13000,,,,,,
1853000432,מים ,50,50,5,45,90,90000,,,,,,
1853000720,חומרים ,0,0,0,0,0,0,,,,,,
1853000750,עבודות קבלניות ,0,0,8,-8,0,0,,,,,,
1853000810,השתת ותרומות למוסות דת ,0,0,0,0,0,0,,,,,,
1859000810,תמיכות למוסדות ,0,0,0,0,0,0,,,,,,
1879000580,הוצאות ארגוניות/אחרות ,0,0,0,0,0,0,,,,,,
1879000750,עבודות קבלניות ,0,0,91,-91,0,0,,,,,,
1879000810,איכות הסביבה ,50,50,0,50,100,100000,,,,,,
1911000521,השתלמויות ,0,0,0,0,0,0,,,,,,
1913000000,אספקה והנדסת מים ,0,0,0,0,0,0,,,,,,
1913100750,עבודות קבלניות ,0,0,0,0,0,0,,,,,,
1913100980,הוצאות אחרות ,0,0,0,0,0,0,,,,,,
1913200521,השתלמויות-מים ,0,0,8,-8,0,0,,,,,,
1913200720,חומרים ,0,0,0,0,0,0,,,,,,
1913200743,רכישת כלים ומכשור ,0,0,4,-4,0,0,,,,,,
1913200750,עבודות קבלניות ,0,0,10,-10,0,0,,,,,,
1913200780,הוצאות שונות ,0,0,0,0,0,0,,,,,,
1913200980,הוצאות_אחרות ,0,0,0,0,0,0,,,,,,
1970000780,אגרת ביוב מ.מ.י ,0,0,0,0,0,0,,,,,,
1972000000,פרעון מלוות מים וביוב ,0,0,0,0,0,0,,,,,,
1972000750,עבודות קבלניות ביוב ,0,0,884,-884,0,0,,,,,,
1972000780,הוצאות שונות ,0,0,0,0,0,0,,,,,,
1913100720,קנית מים ממקורות ,0,0,0,0,0,0,,,,,,
1811000110,השכר הקובע ,353,353,372,-19,5,5000,,,,,,
1811000120,תוספות שאינן נכללות בשכר ,17,17,15,2,11,11000,,,,,,
1811000130,שעות נוספות ,40,40,36,4,10,10000,,,,,,
1811000140,החזר הוצאות ,77,77,62,15,19,19000,,,,,,
1811000181,הפרשות סוציאליות ,80,80,80,0,0,0,,,,,,
1811000182,מיסים ועלויות ,39,39,39,0,0,0,,,,,,
1812200110,השכר הקובע ,989,989,1163,-174,17,17000,,,,,,
1812200120,תוספות שאינן נכללות בשכר ,91,91,173,-82,90,90000,,,,,,
1812200130,שעות נוספות ,1,1,0,1,100,100000,,,,,,
1812200140,החזר הוצאות ,40,40,45,-5,12,12000,,,,,,
1812200181,הפרשות סוציאליות ,215,215,253,-38,17,17000,,,,,,
1812200182,מיסים ועלויות ,84,84,104,-20,23,23000,,,,,,
1812200320,פיצויים ,0,0,0,0,0,0,,,,,,
1812201110,השכר הקובע מ.מ. ,163,163,111,52,31,31000,,,,,,
1812201120,תוספות שאינן נכללות בשכר ,0,0,0,0,0,0,,,,,,
1812201130,שעות נוספות ,0,0,0,0,0,0,,,,,,
1812201140,החזר הוצאות ,1,1,0,1,100,100000,,,,,,
1812201181,סוציאליות מ.מ. ,6,6,5,1,16,16000,,,,,,
1812201182,מיסים ועלויות ,12,12,8,4,33,33000,,,,,,
1812300110,השכר הקובע ,863,863,882,-19,2,2000,,,,,,
1812300120,תוספות שאינן נכללות בש ,32,32,28,4,12,12000,,,,,,
1812300130,שעות נוספות ,0,0,0,0,0,0,,,,,,
1812300140,החזר הוצאות ,39,39,33,6,15,15000,,,,,,
1812300181,הפרשות סוציאליות ,201,201,210,-9,4,4000,,,,,,
1812300182,מיסים ועלויות ,70,70,71,-1,1,1000,,,,,,
1812300320,פיצויים ,0,0,0,0,0,0,,,,,,
1812301110,השכר הקובע מ.מ. ,114,114,89,25,21,21000,,,,,,
1812301120,תוספות שאינן נכללות ב ,0,0,0,0,0,0,,,,,,
1812301140,החזר הוצאות ,1,1,0,1,100,100000,,,,,,
1812301181,סוציאליות מ.מ. ,5,5,3,2,40,40000,,,,,,
1812301182,מיסים ועלויות ,9,9,7,2,22,22000,,,,,,
1812302110,השכר הקובע - ט.חובה מעגן ,92,92,27,65,70,70000,,,,,,
1812302120,תוספות שאינן נכללות בשכר הקו,0,0,0,0,0,0,,,,,,
1812302130,שעות נוספות ,0,0,3,-3,0,0,,,,,,
1812302140,החזר הוצאות ,0,0,1,-1,0,0,,,,,,
1812302181,הפרשות סוציאליות ,7,7,1,6,85,85000,,,,,,
1812302182,מסים ועלויות ,4,4,2,2,50,50000,,,,,,
1813200110,השכר הקובע ,164,164,112,52,31,31000,,,,,,
1813200120,תוספות שאינן נכללות ב ,5,5,5,0,0,0,,,,,,
1813200130,שעות נוספות ,0,0,0,0,0,0,,,,,,
1813200140,החזר הוצאות ,27,27,23,4,14,14000,,,,,,
1813200181,הפרשות סוציאליות ,33,33,27,6,18,18000,,,,,,
1813200182,מיסים ועלויות ,15,15,11,4,26,26000,,,,,,
1813200320,פיצויים ,0,0,0,0,0,0,,,,,,
1813201110,השכר הקובע ,210,210,212,-2,0,0,,,,,,
1813201120,תוספות שאינן נכללות בשכר ,13,13,11,2,15,15000,,,,,,
1813201130,שעות נוספות ,6,6,6,0,0,0,,,,,,
1813201140,החזר הוצאות ,4,4,3,1,25,25000,,,,,,
1813201181,הפרשות סוציאליות ,40,40,40,0,0,0,,,,,,
1813201182,מיסים ועלויות ,18,18,18,0,0,0,,,,,,
1813201320,פיצויים ,0,0,0,0,0,0,,,,,,
1813202110,השכר הקבוע ,298,298,271,27,9,9000,,,,,,
1813202120,עוספות שאינן נכללות בש ,13,13,15,-2,15,15000,,,,,,
1813202130,שעות נוספות ,0,0,0,0,0,0,,,,,,
1813202140,החזר הוצאות ,14,14,13,1,7,7000,,,,,,
1813202181,הפרשות סוציאליות ,72,72,65,7,9,9000,,,,,,
1813202182,מיסים ועלויות ,25,25,22,3,12,12000,,,,,,
1813203110,השכר הקובע ,185,185,216,-31,16,16000,,,,,,
1813203120,תוספות שאינן נכללות בשכר ,12,12,9,3,25,25000,,,,,,
1813203130,שעות נוספות ,10,10,12,-2,20,20000,,,,,,
1813203140,החזר הוצאות ,8,8,8,0,0,0,,,,,,
1813203181,הפרשות סוציאליות ,40,40,44,-4,10,10000,,,,,,
1813203182,מיסים ועלויות ,16,16,19,-3,18,18000,,,,,,
1813203320,פיצויים ,0,0,0,0,0,0,,,,,,
1813204110,השכר הקובע ,158,158,174,-16,10,10000,,,,,,
1813204120,תוספות שאינן נכללות בשכר ,3,3,3,0,0,0,,,,,,
1813204130,שעות נוספות ,0,0,0,0,0,0,,,,,,
1813204140,החזר הוצאות ,19,19,20,-1,5,5000,,,,,,
1813204181,הפרשות סוציאליות ,39,39,40,-1,2,2000,,,,,,
1813204182,מיסים ועלויות ,14,14,15,-1,7,7000,,,,,,
1813204320,פיצויים ,0,0,0,0,0,0,,,,,,
1813205110,השכר הקובע ,145,145,128,17,11,11000,,,,,,
1813205120,תוספות שאינן נכללות ב ,11,11,5,6,54,54000,,,,,,
1813205130,שעות נוספות ,0,0,0,0,0,0,,,,,,
1813205140,החזר הוצאות ,24,24,13,11,45,45000,,,,,,
1813205181,הפרשות סוציאליות ,22,22,15,7,31,31000,,,,,,
1813205182,מיסים ועלויות ,14,14,11,3,21,21000,,,,,,
1813205320,פיצויים ,0,0,0,0,0,0,,,,,,
1813300110,השכר הקובע ,921,921,835,86,9,9000,,,,,,
1813300120,תוספות שאינן נכללות בשכר ,20,20,56,-36,180,180000,,,,,,
1813300130,שעות נוספות ,1,1,0,1,100,100000,,,,,,
1813300140,החזר הוצאות ,35,35,30,5,14,14000,,,,,,
1813300181,הפרשות סוציאליות ,214,214,186,28,13,13000,,,,,,
1813300182,מיסים ועלויות ,73,73,69,4,5,5000,,,,,,
1813300320,פיצויים ,0,0,0,0,0,0,,,,,,
1813301110,השכר הקובע ,404,404,161,243,60,60000,,,,,,
1813301120,תוספות שאינן נכללות ב ,0,0,0,0,0,0,,,,,,
1813301130,שעות נוספות ,0,0,0,0,0,0,,,,,,
1813301140,החזר הוצאות ,11,11,4,7,63,63000,,,,,,
1813301181,הפרשות סוציאליות ,15,15,6,9,60,60000,,,,,,
1813301182,מיסים ועלויות ,31,31,12,19,61,61000,,,,,,
1813301320,פצויי פיטורין ,0,0,0,0,0,0,,,,,,
1813302110,השכר הקובע - אלופאא ,112,112,669,-557,497,497000,,,,,,
1813302120,תוספות שאינן נכללות ב ,1,1,25,-24,400,400000,,,,,,
1813302130,שעות נוספות - אלופאא ,2,2,6,-4,200,200000,,,,,,
1813302140,החזר הוצאות - אלופאא ,4,4,21,-17,425,425000,,,,,,
1813302181,הפרשות סוציאליות - אלופאא ,19,19,99,-80,421,421000,,,,,,
1813302182,מיסים ועלויות - אלופאא ,9,9,54,-45,500,500000,,,,,,
1813302320,פיצויים - אלופאא ,0,0,0,0,0,0,,,,,,
1813400110,השכר הקובע ,9,9,5,4,44,44000,,,,,,
1813400120,תוספות שאינן נכללות בשכר הקו,0,0,0,0,0,0,,,,,,
1813400130,שעות נוספות ,5,5,6,-1,20,20000,,,,,,
1813400140,החזר הוצאות ,0,0,0,0,0,0,,,,,,
1813400181,הפרשות סוציאליות ,1,1,0,1,100,100000,,,,,,
1813400182,מיסים ועלויות ,1,1,1,0,0,0,,,,,,
1813600110,השכר הקובע ,56,56,61,-5,8,8000,,,,,,
1813600120,תוספות שאינן נכללות ב ,1,1,1,0,0,0,,,,,,
1813600130,שעות נוספות ,0,0,0,0,0,0,,,,,,
1813600140,החזר הוצאות ,2,2,2,0,0,0,,,,,,
1813600181,הפרשות סוציאליות ,13,13,14,-1,7,7000,,,,,,
1813600182,מסים ועלויות ,4,4,5,-1,25,25000,,,,,,
1814000110,השכר הקובע ,0,0,0,0,0,0,,,,,,
1814000120,תוספות שאינן נכללות בשכר ,0,0,0,0,0,0,,,,,,
1814000130,שעות נוספות ,0,0,0,0,0,0,,,,,,
1814000140,החזר הוצאות ,0,0,0,0,0,0,,,,,,
1814000181,הפרשות סוציאליות ,0,0,0,0,0,0,,,,,,
1814000182,מיסים ועלויות ,0,0,0,0,0,0,,,,,,
1814000320,פיצויים ,0,0,0,0,0,0,,,,,,
1814001110,השכר הקובע ,0,0,0,0,0,0,,,,,,
1814001120,תוספות שאינן נכללות בשכר ,0,0,0,0,0,0,,,,,,
1814001130,שעות נוספות ,0,0,0,0,0,0,,,,,,
1814001140,החזר הוצאות ,0,0,0,0,0,0,,,,,,
1814001181,הפרשות סוציאליות ,0,0,0,0,0,0,,,,,,
1814001182,מיסים ועלויות ,0,0,0,0,0,0,,,,,,
1814001320,פיצויים ,0,0,0,0,0,0,,,,,,
1815200110,השכר הקובע-עמל ,162,162,142,20,12,12000,,,,,,
1815200120,תוספות שאינן נכללות בשכר ,5,5,5,0,0,0,,,,,,
1815200130,שעות נוספות-עמל ,0,0,0,0,0,0,,,,,,
1815200140,החזר הוצאות-עמל ,5,5,4,1,20,20000,,,,,,
1815200181,הפרשות סוציאליות ,34,34,33,1,2,2000,,,,,,
1815200182,מיסים ועלויות ,13,13,11,2,15,15000,,,,,,
1815201110,השכר הקבוע-אלנור ,18,18,0,18,100,100000,,,,,,
1815201120,תוספות שאינן נכללות בשכר ,0,0,0,0,0,0,,,,,,
1815201130,שעות נוספות-אלנור ,0,0,0,0,0,0,,,,,,
1815201140,החזר הוצאות-אלנור ,1,1,0,1,100,100000,,,,,,
1815201181,הפרשות סוציאליות ,2,2,0,2,100,100000,,,,,,
1815201182,מיסים ועלויות ,2,2,0,2,100,100000,,,,,,
1816600110,השכר הקובע ,0,0,0,0,0,0,,,,,,
1816600120,תוספות שאינן נכללות בש ,0,0,0,0,0,0,,,,,,
1816600130,שעות נוספות ,0,0,0,0,0,0,,,,,,
1816600140,החזר הוצאות ,0,0,0,0,0,0,,,,,,
1816600181,הפרשות סוציאליות ,0,0,0,0,0,0,,,,,,
1816600182,מיסים ועלויות ,0,0,0,0,0,0,,,,,,
1817100110,השכר הקובע ,33,33,35,-2,6,6000,,,,,,
1817100120,תוספות שאינן נכללות בש ,0,0,0,0,0,0,,,,,,
1817100130,שעות נוספות ,0,0,0,0,0,0,,,,,,
1817100140,החזר הוצאות ,0,0,0,0,0,0,,,,,,
1817100181,הפרשות סוציאליות ,8,8,8,0,0,0,,,,,,
1817100182,מיסים ועלויות ,3,3,3,0,0,0,,,,,,
1817200110,השכר הקובע ,0,0,0,0,0,0,,,,,,
1817200120,תוספות שאינן נכללות בש ,0,0,0,0,0,0,,,,,,
1817200130,שעות נוספות ,0,0,0,0,0,0,,,,,,
1817200140,החזר הוצאות ,0,0,0,0,0,0,,,,,,
1817200181,הפרשות סוציאליות ,0,0,0,0,0,0,,,,,,
1817200182,מסיים ועלויות ,0,0,0,0,0,0,,,,,,
1817300110,השכר הקובע ,547,547,584,-37,6,6000,,,,,,
1817300120,תוספות שאינן נכללות בשכר ,7,7,12,-5,71,71000,,,,,,
1817300130,שעות נוספות ,1,1,14,-13,300,300000,,,,,,
1817300140,החזר הוצאות ,156,156,150,6,3,3000,,,,,,
1817300181,הפרשות סוציאליות ,123,123,134,-11,8,8000,,,,,,
1817300182,מיסים ועלויות ,54,54,59,-5,9,9000,,,,,,
1817300320,פיצויים ,0,0,0,0,0,0,,,,,,
1817600110,השכר הקובע ,30,30,12,18,60,60000,,,,,,
1817600120,תוספות שאינן נכללות בש ,0,0,0,0,0,0,,,,,,
1817600130,שעות נוספות ,0,0,0,0,0,0,,,,,,
1817600140,החזר הוצאות ,0,0,1,-1,0,0,,,,,,
1817600181,הפרשות סוציאליות ,1,1,1,0,0,0,,,,,,
1817600182,מיסים ועלויות ,2,2,1,1,50,50000,,,,,,
1817700110,השכר הקובע ,54,54,49,5,9,9000,,,,,,
1817700120,תוספות שאינן נכללות בש ,1,1,1,0,0,0,,,,,,
1817700130,שעות נוספות ,0,0,0,0,0,0,,,,,,
1817700140,החזר הוצאות ,12,12,15,-3,25,25000,,,,,,
1817700181,הפרשות סוציאליות ,11,11,13,-2,18,18000,,,,,,
1817700182,מיסים ועלויות ,5,5,5,0,0,0,,,,,,
1817700320,פיצויים ,0,0,0,0,0,0,,,,,,
1817701110,השכר הקובע ,0,0,37,-37,0,0,,,,,,
1817701120,תוספות שאינן נכללות בשכר ,0,0,0,0,0,0,,,,,,
1817701130,שעות נוספות ,0,0,1,-1,0,0,,,,,,
1817701140,החזר הוצאות ,0,0,0,0,0,0,,,,,,
1817701181,הפרשות סוציאליות ,0,0,1,-1,0,0,,,,,,
1817701182,מסים ועלויות ,0,0,3,-3,0,0,,,,,,
1817800110,השכר הקובע ,32,32,34,-2,6,6000,,,,,,
1817800120,תוספות שאינן נכללות בשכר ,2,2,1,1,50,50000,,,,,,
1817800130,שעות נוספות ,0,0,0,0,0,0,,,,,,
1817800140,החזר הוצאות ,0,0,0,0,0,0,,,,,,
1817800181,הפרשות סוציאליות ,4,4,4,0,0,0,,,,,,
1817800182,מיסים ועלויות ,3,3,3,0,0,0,,,,,,
1817800320,פיצויים ,0,0,0,0,0,0,,,,,,
1817900110,השכר הקובע ,0,0,0,0,0,0,,,,,,
1817900120,תוספות שאינן נכללות בש ,0,0,0,0,0,0,,,,,,
1817900181,הפרשות סוציאליות ,0,0,0,0,0,0,,,,,,
1817900182,מיסים ועלויות ,0,0,0,0,0,0,,,,,,
1817900320,פיצויים ,0,0,0,0,0,0,,,,,,
1817901110,השכר הקובע ,0,0,124,-124,0,0,,,,,,
1817901120,תוספות שאינן נכללות ב ,0,0,0,0,0,0,,,,,,
1817901130,שעות נוספות ,0,0,0,0,0,0,,,,,,
1817901140,החזר הוצאות ,0,0,0,0,0,0,,,,,,
1817901181,הפרשות סוציאליות ,0,0,5,-5,0,0,,,,,,
1817901182,מיסים ועלויות ,0,0,9,-9,0,0,,,,,,
1817910110,השכר הקובע-תפנית ,0,0,0,0,0,0,,,,,,
1817910120,תוספות שאינן נכללות בפנית ,0,0,0,0,0,0,,,,,,
1817910130,שעות נוספות-תפנית ,0,0,0,0,0,0,,,,,,
1817910140,החזר הוצאות-תפנית ,0,0,0,0,0,0,,,,,,
1817910181,הפרשות סוציאליות ,0,0,0,0,0,0,,,,,,
1817910182,מיסים ועלויות-תפנית ,0,0,0,0,0,0,,,,,,
1817910320,פיצויים-תפנית ,0,0,0,0,0,0,,,,,,
1818000110,השכר הקובע ,0,0,0,0,0,0,,,,,,
1818000120,תוספות שאינן נכללות בשכר ,0,0,0,0,0,0,,,,,,
1818000130,שעות נוספות ,0,0,0,0,0,0,,,,,,
1818000140,החזר הוצאות ,0,0,0,0,0,0,,,,,,
1818000181,הפרשות סוציאליות ,0,0,0,0,0,0,,,,,,
1818000182,מיסים ועלויות ,0,0,0,0,0,0,,,,,,
1811000510,כיבוד ללא עודפות-חינוך ,0,0,0,0,0,0,,,,,,
1811000511,אירוח וכיבוד ,1,1,3,-2,200,200000,,,,,,
1811000514,רכישת מתנות ,0,0,0,0,0,0,,,,,,
1811000521,השתלמויות ,7,7,4,3,42,42000,,,,,,
1811000523,דמי חבר באירגונים ,1,1,1,0,0,0,,,,,,
1811000540,הוצאות תקשורת ,0,0,1,-1,0,0,,,,,,
1811000550,הוצאות פרסום ,0,0,0,0,0,0,,,,,,
1811000560,הוצאות משרדיות ,14,14,-1,15,107,107000,,,,,,
1811000580,הוצאות ארגוניות/אחרות ,7,7,34,-27,385,385000,,,,,,
1811000731,דלק ושמנים-חינוך ,0,0,35,-35,0,0,,,,,,
1811000743,רכישת כלים ומכשור ,0,0,0,0,0,0,,,,,,
1811000750,עבודות קבלניות ,125,125,21,104,83,83000,,,,,,
1811000751,שיפוצי בתי ספר ,0,0,0,0,0,0,,,,,,
1811000780,הוצאות שונות ,0,0,0,0,0,0,,,,,,
1811000930,רכישת ציוד יסודי ,4,4,3,1,25,25000,,,,,,
1811000931,רכישות כיתות לחינוך ,0,0,0,0,0,0,,,,,,
1812020522,ספרות מקצועית ועתונות ,0,0,0,0,0,0,,,,,,
1812200410,דמי חכירה ,0,0,36,-36,0,0,,,,,,
1812200431,חשמל ,82,82,85,-3,3,3000,,,,,,
1812200432,מים ,28,28,11,17,60,60000,,,,,,
1812200433,חומרי נקיון ,2,2,15,-13,650,650000,,,,,,
1812200450,רהוט ואחזקתו ,0,0,0,0,0,0,,,,,,
1812200540,הוצאות תקשורת ,7,7,4,3,42,42000,,,,,,
1812200560,הוצאות משרדיות ,0,0,0,0,0,0,,,,,,
1812200580,הוצאות ארגוניות/אחרות ,1,1,2,-1,100,100000,,,,,,
1812200720,חומרים ,27,27,51,-24,88,88000,,,,,,
1812200721,תש' הורים חומרים-חובה ,0,0,0,0,0,0,,,,,,
1812200743,רכישת כלים ומכשור ,0,0,0,0,0,0,,,,,,
1812200750,עבודות קבלניות ,26,26,116,-90,346,346000,,,,,,
1812200753,הזנה ,180,180,152,28,15,15000,,,,,,
1812200930,רכישת ציוד יסודי ,10,10,91,-81,810,810000,,,,,,
1812300410,"שכ""ד ",250,250,395,-145,58,58000,,,,,,
1812300420,"ששכ""ד ודמי חכירה ",0,0,0,0,0,0,,,,,,
1812300431,חשמל ,0,0,0,0,0,0,,,,,,
1812300432,מים ,50,50,12,38,76,76000,,,,,,
1812300433,חומרי נקיון ,37,37,50,-13,35,35000,,,,,,
1812300540,הוצאות תקשורת ,4,4,1,3,75,75000,,,,,,
1812300560,הוצאות משרדיות ,7,7,3,4,57,57000,,,,,,
1812300580,הוצאות ארגוניות/אחרות ,1,1,0,1,100,100000,,,,,,
1812300720,חומרים ,30,30,41,-11,36,36000,,,,,,
1812300721,"תש' הורים חומרים-ט""ח ",0,0,0,0,0,0,,,,,,
1812300743,רכישת כלים וציוד ,17,17,59,-42,247,247000,,,,,,
1812300750,עבודות קבלניות ,86,86,164,-78,90,90000,,,,,,
1812300760,גננות עובדות מדינה ,3400,3400,3165,235,6,6000,,,,,,
1812300780,הוצאות שונות ,0,0,0,0,0,0,,,,,,
1812300930,רכישת ציוד יסודי ,104,104,149,-45,43,43000,,,,,,
1812302750,"עבודות קבלניות-מעגן גנ""י ",0,0,38,-38,0,0,,,,,,
1813200422,תחזוקת מבנים-חומרים ,0,0,0,0,0,0,,,,,,
1813200431,חשמל ,30,30,25,5,16,16000,,,,,,
1813200432,מים ,20,20,2,18,90,90000,,,,,,
1813200433,חומרי נקיון ,4,4,3,1,25,25000,,,,,,
1813200434,שרותי נקיון ,85,85,88,-3,3,3000,,,,,,
1813200441,ביטוח ,0,0,0,0,0,0,,,,,,
1813200450,ע ,0,0,0,0,0,0,,,,,,
1813200511,אירוח וכיבוד ,0,0,0,0,0,0,,,,,,
1813200521,השתלמויות ,0,0,0,0,0,0,,,,,,
1813200522,ספרות מקצועית ועתונות ,0,0,0,0,0,0,,,,,,
1813200540,הוצאות תקשורת ,10,10,13,-3,30,30000,,,,,,
1813200560,הוצאות משרדיות ,0,0,0,0,0,0,,,,,,
1813200580,הוצאות ארגוניות/אחרות ,15,15,1,14,93,93000,,,,,,
1813200720,חומרים ,0,0,0,0,0,0,,,,,,
1813200721,תש' הורים חומרים-יסודי א' ,40,40,23,17,42,42000,,,,,,
1813200722,אגרת שיכפול-יסודי א' ,15,15,9,6,40,40000,,,,,,
1813200743,רכישת כלים ומכשור ,1,1,3,-2,200,200000,,,,,,
1813200750,עבודות קבלניות-יסודי א' ,10,10,25,-15,150,150000,,,,,,
1813200751,"שמירה בי""ס חורה א' ",90,90,81,9,10,10000,,,,,,
1813200752,דוברת קזוז שעות חורה א' ,0,0,0,0,0,0,,,,,,
1813200753,הזנת תלמידים יסודי א' ,85,85,50,35,41,41000,,,,,,
1813200780,הוצאות שונות-יסודי א' ,0,0,0,0,0,0,,,,,,
1813200781,"שח""פ-יסודי א' ",0,0,0,0,0,0,,,,,,
1813200810,השתת' בתקציב חרה א' ,0,0,45,-45,0,0,,,,,,
1813200811,השתת' מיוחדת חורה א ,0,0,0,0,0,0,,,,,,
1813200812,השתת' בשיפוצים חורה א ,0,0,0,0,0,0,,,,,,
1813200930,רכישת ציוד יסודי ,7,7,272,-265,785,785000,,,,,,
1813201422,תחזוקת מבנים-חומרים ,0,0,0,0,0,0,,,,,,
1813201431,חשמל ,35,35,25,10,28,28000,,,,,,
1813201432,מים ,10,10,3,7,70,70000,,,,,,
1813201433,חומרי נקיון ,5,5,1,4,80,80000,,,,,,
1813201434,שרותי נקיון ,65,65,95,-30,46,46000,,,,,,
1813201441,ביטוח ,0,0,0,0,0,0,,,,,,
1813201450,רהוט ואחזקתו ,0,0,0,0,0,0,,,,,,
1813201521,השתלמויות ,0,0,0,0,0,0,,,,,,
1813201522,ספרות מקצועית ועתונות ,0,0,0,0,0,0,,,,,,
1813201540,הוצאות תקשורת ,5,5,11,-6,120,120000,,,,,,
1813201560,הוצאות משרדיות ,0,0,0,0,0,0,,,,,,
1813201580,הוצאות ארגוניות/אחרות ,2,2,1,1,50,50000,,,,,,
1813201720,חומרים ,10,10,0,10,100,100000,,,,,,
1813201721,תש' הורים חומרים_אלעטו ,25,25,27,-2,8,8000,,,,,,
1813201722,אגרת שיכפול ,25,25,17,8,32,32000,,,,,,
1813201743,רכישת כלים ומכשור ,0,0,19,-19,0,0,,,,,,
1813201750,עבודות קבלניות-אלעטאונה ,30,30,67,-37,123,123000,,,,,,
1813201751,"שמירה בי""ס אלעטאונה ",100,100,99,1,1,1000,,,,,,
1813201752,דוברת קזוז שעות עטאונה ,0,0,0,0,0,0,,,,,,
1813201753,הזנת תלמידים אלעטאונה ,150,150,81,69,46,46000,,,,,,
1813201760,"בי""ס אלעטאונה ",0,0,0,0,0,0,,,,,,
1813201780,הוצאות שונות-אלעטאונה ,0,0,0,0,0,0,,,,,,
1813201781,"שח""פ-אלעטאונה ",0,0,0,0,0,0,,,,,,
1813201810,השתת' בתקציב אלעטאונה ,0,0,75,-75,0,0,,,,,,
1813201811,השתת' מיוחדת אלעטאונה ,0,0,0,0,0,0,,,,,,
1813201812,השתת' בשיפוצים אלעטאונה ,0,0,0,0,0,0,,,,,,
1813201930,רכישת ציוד יסודי ,20,20,307,-287,435,435000,,,,,,
1813202431,חשמל ,50,50,32,18,36,36000,,,,,,
1813202432,מים ,25,25,5,20,80,80000,,,,,,
1813202433,חומרי נקיון ,7,7,5,2,28,28000,,,,,,
1813202434,שרותי נקיון ,100,100,102,-2,2,2000,,,,,,
1813202522,ספרות מקצועית ועתונות ,0,0,0,0,0,0,,,,,,
1813202540,הוצאות תקשורת ,5,5,10,-5,100,100000,,,,,,
1813202560,הוצאות משרדיות ,0,0,0,0,0,0,,,,,,
1813202580,הוצאות ארגוניות/אחרות ,2,2,0,2,100,100000,,,,,,
1813202720,חומרים ,5,5,0,5,100,100000,,,,,,
1813202721,תש' הורים חומרים-אלמג'ד ,35,35,26,9,25,25000,,,,,,
1813202722,אגרת שיכפול ,18,18,16,2,11,11000,,,,,,
1813202743,רכישת כלים ומכשור ,0,0,4,-4,0,0,,,,,,
1813202750,עבודות קבלניות-אלמג'יד ,10,10,47,-37,370,370000,,,,,,
1813202751,"שמירה בי""ס אלמג'ד ",100,100,99,1,1,1000,,,,,,
1813202752,דוברת קזוז שעות אלמג'ד ,0,0,0,0,0,0,,,,,,
1813202753,הזנת תלמידים אלמג'ד ,115,115,75,40,34,34000,,,,,,
1813202780,הוצאות שונות-אלמג'יד ,0,0,0,0,0,0,,,,,,
1813202781,"שח""פ-אלמג'יד ",0,0,0,0,0,0,,,,,,
1813202810,השתת' בתקציב אלמג'ד ,0,0,73,-73,0,0,,,,,,
1813202811,השתת' מיוחדת אלמג'ד ,0,0,0,0,0,0,,,,,,
1813202812,השתת' בשיפוצים אלמג'ד ,0,0,0,0,0,0,,,,,,
1813202930,רכישת ציוד יסודי ,0,0,260,-260,0,0,,,,,,
1813203431,חשמל ,50,50,33,17,34,34000,,,,,,
1813203432,מים ,10,10,3,7,70,70000,,,,,,
1813203433,חומרי נקיון-אלביאדר ,5,5,4,1,20,20000,,,,,,
1813203434,שרותי נקיון ,95,95,103,-8,8,8000,,,,,,
1813203522,ספרות מקצועית ועתונות ,0,0,0,0,0,0,,,,,,
1813203540,הוצאות תקשורת ,10,10,8,2,20,20000,,,,,,
1813203560,הוצאות משרדיות ,0,0,0,0,0,0,,,,,,
1813203580,הוצאות ארגוניות/אחרות ,3,3,2,1,33,33000,,,,,,
1813203720,חומרים ,10,10,0,10,100,100000,,,,,,
1813203721,תש' הורים חומרים-אלביאדר ,25,25,33,-8,32,32000,,,,,,
1813203722,אגרת שיכפול ,10,10,7,3,30,30000,,,,,,
1813203743,"רכישת כלים,מכשירים וציוד ",2,2,13,-11,550,550000,,,,,,
1813203750,עבודות קבניות-אלביאדר ,20,20,59,-39,195,195000,,,,,,
1813203751,"שמירה בי""ס אלביאדר ",100,100,99,1,1,1000,,,,,,
1813203752,דוברת קזוז שעות ביאדר ,0,0,0,0,0,0,,,,,,
1813203753,הזנת תלמידים אלביאדר ,170,170,100,70,41,41000,,,,,,
1813203780,הוצאות שונות ,20,20,0,20,100,100000,,,,,,
1813203781,"שח""פ-אלביאדר ",0,0,0,0,0,0,,,,,,
1813203810,השתת' בתקציב אלביאדר ,0,0,96,-96,0,0,,,,,,
1813203811,השתת' מיוחדת אלביאדר ,0,0,0,0,0,0,,,,,,
1813203812,השתת' בשיפוצים אלביאדר ,0,0,0,0,0,0,,,,,,
1813203930,רכישת ציוד יסודי ,6,6,551,-545,83,83000,,,,,,
1813204431,חשמל-אנדלוס ,45,45,30,15,33,33000,,,,,,
1813204432,מים-אנדלוס ,10,10,26,-16,160,160000,,,,,,
1813204433,חומרי נקוין-אנדלוס ,15,15,1,14,93,93000,,,,,,
1813204434,שרותי ניקיון-אלאנדלוס ,65,65,46,19,29,29000,,,,,,
1813204522,ספרות מקצועית ועתונות ,0,0,0,0,0,0,,,,,,
1813204540,הוצאות תקשורת ,3,3,12,-9,300,300000,,,,,,
1813204580,הוצאות ארגוניות/אחרות ,7,7,2,5,71,71000,,,,,,
1813204720,חומרים-אלאנדלוס ,0,0,0,0,0,0,,,,,,
1813204721,תש' הורים חומרים-אלאנדלוס ,50,50,25,25,50,50000,,,,,,
1813204722,אגרת שיכפול-אלאנדלוס ,20,20,12,8,40,40000,,,,,,
1813204743,כלים מכשירים וציוד ,0,0,4,-4,0,0,,,,,,
1813204750,עבודות קבלניות-אלאנדלוס ,30,30,84,-54,180,180000,,,,,,
1813204751,שמירה-אלאנדלוס ,96,96,99,-3,3,3000,,,,,,
1813204753,הזנת תלמידים אלאנדלס ,120,120,65,55,45,45000,,,,,,
1813204780,הוצאות שונות-אנדלוס ,0,0,0,0,0,0,,,,,,
1813204810,השתת' תקציב אלאנדלוס ,0,0,62,-62,0,0,,,,,,
1813204811,השתת' מיוחדת אלאנדלס ,0,0,0,0,0,0,,,,,,
1813204812,השתת' בשיפוצים אלאנדלס ,0,0,0,0,0,0,,,,,,
1813204930,רכישת ציוד יסודי ,5,5,241,-236,720,720000,,,,,,
1813205431,חשמל - אלזהרא ,30,30,16,14,46,46000,,,,,,
1813205432,מים - אלזהרא ,10,10,3,7,70,70000,,,,,,
1813205433,חומרי ניקיון-אנדלוס ,6,6,0,6,100,100000,,,,,,
1813205434,שרותי נקיון אלזהרא ,90,90,78,12,13,13000,,,,,,
1813205540,הוצאות תקשורת ,2,2,4,-2,100,100000,,,,,,
1813205580,הוצאות ארגוניות/אחרות ,25,25,3,22,88,88000,,,,,,
1813205721,תש' הורים חומרים-אלזהרא ,32,32,23,9,28,28000,,,,,,
1813205722,אגרת שיכפול ,15,15,14,1,6,6000,,,,,,
1813205750,עבודות קבלניות אלזהרא ,60,60,38,22,36,36000,,,,,,
1813205751,שמירה-אלזהרא ,90,90,99,-9,10,10000,,,,,,
1813205753,הזנת תלמידים אלזהרא ,90,90,55,35,38,38000,,,,,,
1813205810,השתת' בתקציב אלזהרא ,0,0,43,-43,0,0,,,,,,
1813205811,השתת' מיוחדת אלזהרא ,0,0,0,0,0,0,,,,,,
1813205812,השתת' בשיפוצים אלזהרא ,0,0,0,0,0,0,,,,,,
1813205930,רכישת ציוד יסודי ,0,0,181,-181,0,0,,,,,,
1813300410,"שכ""ד ",0,0,0,0,0,0,,,,,,
1813300431,חשמל-ח.מיוחד ,35,35,25,10,28,28000,,,,,,
1813300432,מים-ח.מיוחד ,15,15,3,12,80,80000,,,,,,
1813300433,חומרי ניקיון-ח.מיוחד ,15,15,1,14,93,93000,,,,,,
1813300434,שרותי נקיון-ח.מיוחד ,0,0,48,-48,0,0,,,,,,
1813300522,ספרות מקצועית ועתונות ,0,0,0,0,0,0,,,,,,
1813300540,הוצאות תקשורת ,2,2,3,-1,50,50000,,,,,,
1813300560,הוצאות משרדיות ,0,0,0,0,0,0,,,,,,
1813300580,הוצאות ארגוניות/אחרות ,0,0,0,0,0,0,,,,,,
1813300720,חומרים-ח.מיוחד ,11,11,0,11,100,100000,,,,,,
1813300721,תש' הורים חומרים-ח.מיוחד ,70,70,30,40,57,57000,,,,,,
1813300722,אגרת שיכפול ,6,6,6,0,0,0,,,,,,
1813300743,"רכישת כלים,מכשירים וציוד ",0,0,5,-5,0,0,,,,,,
1813300750,עבודות קבלניות ,0,0,23,-23,0,0,,,,,,
1813300751,שמירה - ח.מיוחד ,100,100,16,84,84,84000,,,,,,
1813300753,הזנה ,365,365,777,-412,112,112000,,,,,,
1813300780,הוצ' שונות ,0,0,0,0,0,0,,,,,,
1813300810,השתת' בתקציב ח.מיוחד ,0,0,57,-57,0,0,,,,,,
1813300811,השתת' מיוחדת ח.מיוחד רגיל ,0,0,0,0,0,0,,,,,,
1813300812,השתת' בשיפוצים מ.מיוחד רגיל ,0,0,0,0,0,0,,,,,,
1813300930,רכישת ציוד יסודי ,0,0,45,-45,0,0,,,,,,
1813302410,"שכ""ד - אלופאא ",180,180,239,-59,32,32000,,,,,,
1813302431,חשמל - אלופאא ,30,30,20,10,33,33000,,,,,,
1813302432,מים - אלופאא ,10,10,1,9,90,90000,,,,,,
1813302433,חומרי ניקיון - אלופאא ,5,5,3,2,40,40000,,,,,,
1813302434,שרותי נקיון - אלופאא ,0,0,0,0,0,0,,,,,,
1813302470,ציוד משרדי - אוטיסטים ,5,5,0,5,100,100000,,,,,,
1813302540,הוצאות תקשורת ,10,10,0,10,100,100000,,,,,,
1813302560,הוצאות משרדיות-אלופפא ,2,2,0,2,100,100000,,,,,,
1813302580,הוצאות ארגוניות/אחרות ,2,2,0,2,100,100000,,,,,,
1813302721,תש' הורים חומרים -א ,30,30,11,19,63,63000,,,,,,
1813302722,אגרת שיכפול אלופאא ,5,5,1,4,80,80000,,,,,,
1813302743,רכישת כלים חומרים וציוד ,5,5,9,-4,80,80000,,,,,,
1813302750,עבודות קבלניות - אלופאא ,0,0,15,-15,0,0,,,,,,
1813302753,הזנה - אלופאא ,72,72,135,-63,87,87000,,,,,,
1813302810,השתת' בתקציב אלוופא ,0,0,48,-48,0,0,,,,,,
1813302811,השתת' מיוחדת וופא ,0,0,0,0,0,0,,,,,,
1813302812,השתת' בשיפוצים וופא ,0,0,0,0,0,0,,,,,,
1813302930,רכישת ציוד יסודי ,20,20,25,-5,25,25000,,,,,,
1813400410,"שכ""ד-מחוננים ",48,48,42,6,12,12000,,,,,,
1813400431,חשמל-מחוננים ,5,5,0,5,100,100000,,,,,,
1813400432,מים-מחוננים ,2,2,0,2,100,100000,,,,,,
1813400434,שרותי ניקיון-מחוננים ,15,15,0,15,100,100000,,,,,,
1813400540,הוצאות תקשורת-מחוננים ,5,5,3,2,40,40000,,,,,,
1813400580,הוצאות ארגוניות/אחרות ,5,5,0,5,100,100000,,,,,,
1813400720,חומרים-מחוננים ,0,0,78,-78,0,0,,,,,,
1813400721,תש' הורים חומרים-מח ,0,0,3,-3,0,0,,,,,,
1813400722,אגרת שיכפול - מחוננים ,0,0,3,-3,0,0,,,,,,
1813400750,עבודות קבלניות - מחוננים ,0,0,2,-2,0,0,,,,,,
1813400760,חוגים לתלמידים מחוננים ,0,0,0,0,0,0,,,,,,
1813400930,רכישת ציוד יסודי ,10,10,9,1,10,10000,,,,,,
1813600410,"שכ""ד - מתי""א ",24,24,24,0,0,0,,,,,,
1813600434,"שרותי נקיון מתי""א ",14,14,0,14,100,100000,,,,,,
1813600470,"ציוד משרדי - מתי""א ",34,34,0,34,100,100000,,,,,,
1813600540,הוצאות תקשורת ,2,2,9,-7,350,350000,,,,,,
1813600580,הוצאות ארגוניות/אחרות ,5,5,1,4,80,80000,,,,,,
1813600721,תש' הורים חומרים ,1,1,5,-4,400,400000,,,,,,
1813600722,אגרת שיכפול ,22,22,11,11,50,50000,,,,,,
1813600743,רכישת כלים מכשירים וציוד ,0,0,39,-39,0,0,,,,,,
1813600750,"עבודות קבלניות-מתי""א ",1,1,0,1,100,100000,,,,,,
1813600810,"השתת' ותרומות למוסדות עפ""י ח",0,0,0,0,0,0,,,,,,
1813600930,רכישת ציוד יסודי ,0,0,10,-10,0,0,,,,,,
1814000422,תחזוקת מבנים-חומרים ,0,0,0,0,0,0,,,,,,
1814000431,חשמל ,0,0,0,0,0,0,,,,,,
1814000432,מים ,30,30,0,30,100,100000,,,,,,
1814000433,חומרי ניקיון ,0,0,0,0,0,0,,,,,,
1814000434,שרותי נקיון ,0,0,0,0,0,0,,,,,,
1814000450,רהוט ואחזקתו ,0,0,0,0,0,0,,,,,,
1814000470,ציוד משרדי מתכלה ,0,0,0,0,0,0,,,,,,
1814000511,אירוח וכיבוד ,0,0,0,0,0,0,,,,,,
1814000521,השתלמויות ,0,0,0,0,0,0,,,,,,
1814000522,ספרות מקצועית ועתונות ,0,0,0,0,0,0,,,,,,
1814000710,הובלות והסעות קבלניות ,0,0,0,0,0,0,,,,,,
1814000720,חומרים ,0,0,0,0,0,0,,,,,,
1814000743,רכישת כלים ומכשור ,0,0,0,0,0,0,,,,,,
1814000750,עבודות קבלניות ,0,0,0,0,0,0,,,,,,
1814000760,"רשת עמל - חט""ב אלנור ",615,615,615,0,0,0,,,,,,
1814000930,רכישת ציוד יסודי ,0,0,106,-106,0,0,,,,,,
1815000431,חשמל ,0,0,0,0,0,0,,,,,,
1815200431,חשמל ,0,0,0,0,0,0,,,,,,
1815200450,רהוט ואחזקתו ,0,0,0,0,0,0,,,,,,
1815200521,השתלמויות ,0,0,0,0,0,0,,,,,,
1815200522,ספרות מקצועית ועתונות ,0,0,0,0,0,0,,,,,,
1815200523,דמי חבר באירגונים ,0,0,0,0,0,0,,,,,,
1815200540,הוצאות תקשורת ,0,0,0,0,0,0,,,,,,
1815200560,הוצאות משרדיות ,0,0,0,0,0,0,,,,,,
1815200580,הוצאות ארגוניות/אחרות ,0,0,0,0,0,0,,,,,,
1815200750,עבודות קבלניות ,0,0,25,-25,0,0,,,,,,
1815200760,"שכר מועבר - רשת עמל -בי""ס רב",2075,2075,2075,0,0,0,,,,,,
1815200930,רכישת ציוד יסודי ,0,0,108,-108,0,0,,,,,,
1815201431,חשמל ,0,0,0,0,0,0,,,,,,
1815201433,חומרי נקיון ,0,0,0,0,0,0,,,,,,
1815201434,שרותי נקיון ,0,0,0,0,0,0,,,,,,
1815201450,רהוט ואחזקתו ,0,0,0,0,0,0,,,,,,
1815201511,אירוח וכיבוד ,0,0,0,0,0,0,,,,,,
1815201540,הוצאות תקשורת ,0,0,1,-1,0,0,,,,,,
1815201560,הוצאות משרדיות ,0,0,0,0,0,0,,,,,,
1815201720,חומרים ,0,0,0,0,0,0,,,,,,
1815201721,תש' הורים חומרים ,0,0,0,0,0,0,,,,,,
1815201722,אגרת שיכפול ,0,0,0,0,0,0,,,,,,
1815201743,רכישת כלים ומכשרים ,0,0,0,0,0,0,,,,,,
1815201750,עבודות קבלניות ,0,0,14,-14,0,0,,,,,,
1815201751,"שמירה בי""ס אלנור ",0,0,0,0,0,0,,,,,,
1815201760,"שכר מועבר - בי""ס עתיד ",3925,3925,3925,0,0,0,,,,,,
1815201930,רכישת ציוד יסודי ,0,0,100,-100,0,0,,,,,,
1815202580,הוצאות ארגוניות/אחרות ,4,4,0,4,100,100000,,,,,,
1815202750,עבודות קבלניות סכנין ,0,0,18,-18,0,0,,,,,,
1815202760,"שכר מועבר - בי""ס סכנין ",1800,1800,1800,0,0,0,,,,,,
1815203721,תש' הורים חומרים - עאד ,0,0,0,0,0,0,,,,,,
1815203750,עבודות קבלניות-עהד ,0,0,17,-17,0,0,,,,,,
1815203760,שכר מועבר-עהד ,2000,2000,2085,-85,4,4000,,,,,,
1815203930,ציוד יסודי - עהד ,0,0,0,0,0,0,,,,,,
1815204750,עבודות קבלניות -סלאם ,0,0,22,-22,0,0,,,,,,
1815204760,אלסלאם-שכר מועבר ,2000,2000,2204,-204,10,10000,,,,,,
1815900810,השתתפות למוסדות ,0,0,0,0,0,0,,,,,,
1816800850,מילגות לתלמידים ,180,180,157,23,12,12000,,,,,,
1817100750,עבודות קבלניות ,0,0,0,0,0,0,,,,,,
1817202580,הוצאות ארגוניות/אחרות ,0,0,0,0,0,0,,,,,,
1817300470,ציוד משרדי מתכלה ,0,0,0,0,0,0,,,,,,
1817300521,השתלמויות ,7,7,15,-8,114,114000,,,,,,
1817300522,ספרות מקצועית ועתונות ,0,0,0,0,0,0,,,,,,
1817300523,דמי חבר באירגונים-פסיכולוגים,1,1,0,1,100,100000,,,,,,
1817300540,הוצאות תקשורת-פסיכולוגים ,4,4,4,0,0,0,,,,,,
1817300580,הוצאות ארגוניות/אחרות ,1,1,2,-1,100,100000,,,,,,
1817300750,עבודות קבלניות ,0,0,0,0,0,0,,,,,,
1817300930,רכישת ציוד יסודי ,0,0,0,0,0,0,,,,,,
1817400750,עבודות קבלניות ,100,100,196,-96,96,96000,,,,,,
1817400780,הוצאות שונות ,0,0,0,0,0,0,,,,,,
1817500441,ביטוח ,145,145,147,-2,1,1000,,,,,,
1817600780,רווחה חינוכית ,240,240,0,240,100,100000,,,,,,
1817600781,"שח""ר-רווחה חינוכית ",0,0,0,0,0,0,,,,,,
1817600840,השתתפויות-תמיכות רווחה ,0,0,0,0,0,0,,,,,,
1817600850,"השתתפות פרויקט פר""ח ",0,0,0,0,0,0,,,,,,
1817601780,הוצאות שונות ,0,0,0,0,0,0,,,,,,
1817601781,"שח""ר-רווחה חינוכית ",0,0,0,0,0,0,,,,,,
1817602780,הוצאות שונות ,0,0,0,0,0,0,,,,,,
1817602781,"רווחה חינוכית-חט""ב+מקיף ",0,0,0,0,0,0,,,,,,
1817603780,הוצאות שונות ,0,0,0,0,0,0,,,,,,
1817603781,רווחה חינוכית-גני ילדים ,0,0,0,0,0,0,,,,,,
1817700450,רהוט ואחזקתו ,0,0,0,0,0,0,,,,,,
1817700521,השתלמויות ,0,0,0,0,0,0,,,,,,
1817800750,עבודות קבלניות ,3100,3100,2444,656,21,21000,,,,,,
1817801750,"הסעות-גנ""י ט.חובה ",0,0,0,0,0,0,,,,,,
1817802750,הסעות-חינוך מיוחד)מוכר( ,1050,1050,754,296,28,28000,,,,,,
1817803750,הסעות ח.מיוחד מלוות ,0,0,0,0,0,0,,,,,,
1817804750,"הסעות בי""ס סכנין ",0,0,42,-42,0,0,,,,,,
1817805750,הסעות ח.מיוחד-לא מוכר ,80,80,237,-157,196,196000,,,,,,
1817809750,שכר מלוות ,400,400,108,292,73,73000,,,,,,
1817900441,ביטוח מוסדות חינוך ,138,138,143,-5,3,3000,,,,,,
1817900540,הוצאות תקשורת ,0,0,0,0,0,0,,,,,,
1817900750,עבודות קבלניות ,0,0,77,-77,0,0,,,,,,
1817900760,אגרות תלמידי חוץ ,205,205,96,109,53,53000,,,,,,
1817900770,"קניית שרות שכ""ל מרשות ",0,0,0,0,0,0,,,,,,
1817900780,הוצאות שונות ,20,20,15,5,25,25000,,,,,,
1817900781,"שרותי הזנת יוח""א ",0,0,0,0,0,0,,,,,,
1817900810,הש במוסדות)מ.חנוך סמים( ,0,0,0,0,0,0,,,,,,
1817900930,רכישת ציוד יסודי ,0,0,0,0,0,0,,,,,,
1817901750,עבודות קבלניות ,0,0,0,0,0,0,,,,,,
1817905750,עבודות קבלניות-מיוחדות ,0,0,0,0,0,0,,,,,,
1817910751,עבודות קבלניות )סקטא+יכולת( ,220,220,598,-378,171,171000,,,,,,
1817910980,תפנית ,0,0,0,0,0,0,,,,,,
1817920980,מצוינות ,0,0,2,-2,0,0,,,,,,
1817930980,"אס""א-אלימות,סמים ואלכוהול ",0,0,0,0,0,0,,,,,,
1817940980,נוער במרכז העניינים ,0,0,0,0,0,0,,,,,,
1817950980,פרויקטים שונים ,0,0,0,0,0,0,,,,,,
1818000810,השתת' ותרומות למוסדות ,0,0,0,0,0,0,,,,,,
1818200820,תמיכות ליחידים ,0,0,0,0,0,0,,,,,,
1841000110,השכר הקובע ,403,403,482,-79,19,19000,,,,,,
1841000120,תוספות שאינן נכללות בשכר ,7,7,11,-4,57,57000,,,,,,
1841000130,שעות נוספות ,38,38,55,-17,44,44000,,,,,,
1841000140,החזר הוצאות ,127,127,178,-51,40,40000,,,,,,
1841000181,הפרשות סוציאליות ,118,118,145,-27,22,22000,,,,,,
1841000182,מיסים ועלויות ,44,44,55,-11,25,25000,,,,,,
1841000320,פיצויים ,0,0,0,0,0,0,,,,,,
1845500110,השכר הקובע ,34,34,63,-29,85,85000,,,,,,
1845500120,תוספות שאינן נכללות בשכר ,1,1,2,-1,100,100000,,,,,,
1845500130,שעות נוספות ,0,0,0,0,0,0,,,,,,
1845500140,החזר הוצאות ,9,9,15,-6,66,66000,,,,,,
1845500181,הפרשות סוציאליות ,9,9,17,-8,88,88000,,,,,,
1845500182,מיסים ועלויות ,3,3,6,-3,100,100000,,,,,,
1841000410,שכר דירה ודמי חכירה ,0,0,0,0,0,0,,,,,,
1841000431,חשמל ,0,0,0,0,0,0,,,,,,
1841000514,רכישת מתנות ,0,0,0,0,0,0,,,,,,
1841000521,השתלמויות ,2,2,2,0,0,0,,,,,,
1841000523,דמי חבר באירגונים ,0,0,0,0,0,0,,,,,,
1841000540,הוצאות תקשורת ,0,0,0,0,0,0,,,,,,
1841000560,הוצאות משרדיות ,0,0,0,0,0,0,,,,,,
1841000580,הוצאות ארגוניות/אחרות ,3,3,0,3,100,100000,,,,,,
1841000750,עבודות קבלניות ,0,0,0,0,0,0,,,,,,
1841000930,רכישת ציוד יסודי ,0,0,25,-25,0,0,,,,,,
1842200840,משפחות במצוקה בקהילה ,48,48,58,-10,20,20000,,,,,,
1842202840,טיפול בפרט במשפחה ,0,0,0,0,0,0,,,,,,
1842203840,טיפול באלכהולסטים ,15,15,19,-4,26,26000,,,,,,
1842204840,סיוע למשפחות עם ילדי א ,52,52,63,-11,21,21000,,,,,,
1842205840,טיפול בהורים ובילדיהם ,0,0,0,0,0,0,,,,,,
1842402840,טיפול בפרט ובמשפחה ,0,0,0,0,0,0,,,,,,
1842600840,מרכזי טיפול באלימות ,0,0,44,-44,0,0,,,,,,
1843501750,טיפול בילד בקהילה ,0,0,2,-2,0,0,,,,,,
1843501840,טיפול בילד בקהילה ,0,0,243,-243,0,0,,,,,,
1843502840,טיפול בילד בקהילה-פר ,0,0,0,0,0,0,,,,,,
1843503840,ת.לאומית ילד ונוער-שמיד ,390,390,513,-123,31,31000,,,,,,
1843503841,ת.לאומי לילד ולנוער-שמיד,,,,,0,0,0,0,0,,,
1843504840,יצירת קשר הורים ילדי ב- ,8,8,0,8,100,100000,,,,,,
1843505840,טיפול במשפחות-אומנה יומית ,133,133,0,133,100,100000,,,,,,
1843506840,מועדניות ביתיות ,311,311,0,311,100,100000,,,,,,
1843507840,יצירת קשר הורים ,0,0,0,0,0,0,,,,,,
1843507940,תוכנית לאומית מ.בריאות ,0,0,0,0,0,0,,,,,,
1843800840,אחזקת ילדים בפנמיות ,593,593,404,189,31,31000,,,,,,
1843801840,טיפול במשפחות אומנה ,0,0,141,-141,0,0,,,,,,
1843900840,ילדים במעון יום ,995,995,1106,-111,11,11000,,,,,,
1843901840,"משפחתונים - תמ""ת ",120,120,82,38,31,31000,,,,,,
1844030750,נופשונים להבראה ,0,0,0,0,0,0,,,,,,
1844400840,טיפול בזקן בקהילה ,24,24,6,18,75,75000,,,,,,
1844401840,חימום לקשישים ,0,0,0,0,0,0,,,,,,
1844402840,מועדונים לזקנים ,0,0,0,0,0,0,,,,,,
1844403840,נופשונים להבראה )לקשיש( ,27,27,21,6,22,22000,,,,,,
1844404840,מועדון חברתי לבוגרים ,27,27,0,27,100,100000,,,,,,
1844409580,הוצאות ארגוניות/אחרות ,27,27,0,27,100,100000,,,,,,
1845100750,עבודות קבלניות ,0,0,0,0,0,0,,,,,,
1845100840,סדור מפגרים במוסדות ,1073,1073,1432,-359,33,33000,,,,,,
1845101840,מפגרים במוסד ממשלתי ,0,0,0,0,0,0,,,,,,
1845200840,מפגרים במעון טיפולי ,53,53,73,-20,37,37000,,,,,,
1845300840,שרותים תומכים למפגר ,4,4,14,-10,250,250000,,,,,,
1845301840,נופשונים למפגר ,2,2,2,0,0,0,,,,,,
1845302840,הסעות למ.יום למפגר ,19,19,19,0,0,0,,,,,,
1845305840,הסעות לאוטיסטים ,1,1,1,0,0,0,,,,,,
1845400840,"מעשי""ם מפעלי תעסוקה למפגר ",54,54,102,-48,88,88000,,,,,,
1846300840,עמי ליווי לעיור ,0,0,0,0,0,0,,,,,,
1846301840,הדרכת העוור ובני ביתו ,7,7,1,6,85,85000,,,,,,
1846302840,מכונים לראיה ירודה ,0,0,0,0,0,0,,,,,,
1846303840,מועדונים לעיוור ,0,0,0,0,0,0,,,,,,
1846304840,אחזקת נכים במשפחות אומנה ,49,49,0,49,100,100000,,,,,,
1846305840,משפחות אומנה לשיקום ,0,0,0,0,0,0,,,,,,
1846400840,תעסוקה מוגנת למוגבל ,0,0,4,-4,0,0,,,,,,
1846400841,תעסוקה מוגנת למוגבל-עוור ,0,0,0,0,0,0,,,,,,
1846500840,אחזקת נכים בפנימיות ,153,153,61,92,60,60000,,,,,,
1846600840,מס. יום לילד המוגבל ,61,61,97,-36,59,59000,,,,,,
1846601840,מרכזי איבחון ושיקום ,0,0,0,0,0,0,,,,,,
1846700840,מפעלי תעסוקה-ומעדון שי ,0,0,0,0,0,0,,,,,,
1846701750,עבודות קבלניות ,0,0,0,0,0,0,,,,,,
1846701840,שיקום נכים בקהילה ,0,0,5,-5,0,0,,,,,,
1846702750,עב' קבלניות-מ.יום לנכים,,,,,,0,0,0,0,0,,
1846702840,מ.יום שיקום לנכים ,462,462,214,248,53,53000,,,,,,
1846703840,הסעות למ.יום שיקומי ,120,120,0,120,100,100000,,,,,,
1846704840,ליווי למ.יום שיקומי ,33,33,0,33,100,100000,,,,,,
1846709750,עבודות קבלניות-מ.יום לנכים ,35,35,270,-235,671,671000,,,,,,
1846801840,דמי תקשורת ,0,0,0,0,0,0,,,,,,
1847100580,הוצאות ארגוניות/אחרות ,0,0,13,-13,0,0,,,,,,
1847100750,נוער במצוקה ,0,0,0,0,0,0,,,,,,
1847100840,טפול בנוער וצעירים ,16,16,0,16,100,100000,,,,,,
1847102840,מקלט לנשים מוכות ,27,27,69,-42,155,155000,,,,,,
1847105840,שהות במקלט לערות ,0,0,6,-6,0,0,,,,,,
1847400840,שהות במקלט לנערות,,,,,,0, ,0,0,0,0,0
1848200750,פיתוח קהילתי במגזר הכפרי ,0,0,0,0,0,0,,,,,,
1848200840,מרכזים קהילתיים ,0,0,0,0,0,0,,,,,,
1848201840,תוכנית עם הפנים לקהילה ,380,380,368,12,3,3000,,,,,,
1848202750,פיתוח ק.במגזר הכפרי ,66,66,0,66,100,100000,,,,,,
1848202840,פיתוח ק. במגזר הכפרי ,0,0,0,0,0,0,,,,,,
1848500840,עובדי שיקום שכונות ,0,0,0,0,0,0,,,,,,
1972000694,"תש' ע""ח קרן ביוב ",725,725,725,0,0,0,,,,,,
1972000695,"תש' ע""ח ריבית ביוב ",503,503,503,0,0,0,,,,,,
1972000696,"תש' ע""ח הצמדה ביוב ",202,202,218,-16,7,7000,,,,,,
1648100691,"ע""ח קרן ",0,0,225,-225,0,0,,,,,,
1648100692,"ע""ח ריבית ",92,92,113,-21,22,22000,,,,,,
1648100693,"ע""ח הצמדה ",0,0,0,0,0,0,,,,,,
1649100691,"ע""ח קרן ",0,0,0,0,0,0,,,,,,
1649100692,"ע""ח ריבית ",0,0,0,0,0,0,,,,,,
1649100693,"ע""ח הצמדה ",0,0,0,0,0,0,,,,,,
1631000610,עמלות והוצאות בנקאיות ,40,40,62,-22,55,55000,,,,,,
1632000620,ריבית משיכות יתר ,10,10,7,3,30,30000,,,,,,
1632000640,ריבית ב.לאומי ומס הכנסה ,20,20,0,20,100,100000,,,,,,
1632000650,ריבית פ.ספקים ונותני שרות ,60,60,43,17,28,28000,,,,,,
1633000670,"רבית על הלוואות ק""מ ",100,100,138,-38,38,38000,,,,,,
1992000960,רזרבה להתייקריות ,0,0,0,0,0,0,,,,,,
1992100960,הוצאה מותנת בגביה ,1241,1241,0,1241,100,100000,,,,,,
1992200960,הוצאה מותנת בהכנסה ,0,0,-172,172,0,0,,,,,,
1993000980,מס הכנסה שנים קודמות ,0,0,0,0,0,0,,,,,,
1994000580,הוצאות ארגוניות/אחרות ,0,0,0,0,0,0,,,,,,
1994000980,הוצאות אחרות ,0,0,0,0,0,0,,,,,,
1999100980,מענק לכסוי גרעון ,0,0,275,-275,0,0,,,,,,
1995000860,הנחות ממיסים ,4500,4500,8376,-3876,86,86000,,,,,,
