100,111100 ,1,1111100.100,ארנונה כללית למגורים,,,"-29,390,000",,,#NAME?,1,מסים ומענק כללי,11,ארנונות,111,ארנונה כללית,1111,ארנונה כללית למגורים - גביה שוטפת,,1,ארנונות,10,#N/A,100,#N/A
100,111200 ,1,1111200.100,ארנונה - פיגורים,,,"-1,480,000",,,#NAME?,1,מסים ומענק כללי,11,ארנונות,111,ארנונה כללית,1112,ארנונה כללית למגורים - גביה מיתרת פיגורים,,1,ארנונות,10,#N/A,100,#N/A
100,111300 ,1,1111300.100,ארנונה חקלאית,,,"-15,000",,,#NAME?,1,מסים ומענק כללי,11,ארנונות,111,ארנונה כללית,1113,ארנונה כללית שלא למגורים גביה שוטפת,,1,ארנונות,10,#N/A,100,#N/A
100,113000 ,1,1113000.100,ארנונה הסדרי תשלומים,,,"-417,000",,,#NAME?,1,מסים ומענק כללי,11,ארנונות,113,הנחות מימון (ארנונה מראש והסדרי תשלומים),1130,#N/A,,1,ארנונות,10,#N/A,100,#N/A
100,115000 ,1,1115000.100,הנחות לזכאים,,,"-2,578,000",,,#NAME?,1,מסים ומענק כללי,11,ארנונות,115,הנחות לזכאים,1150,#N/A,,1,ארנונות,10,#N/A,100,#N/A
220,122000 ,1,1122000.220,אגרות רשיונות לשלטים,,,"-13,000",,,#NAME?,1,מסים ומענק כללי,12,אגרות,122,אגרת רשיונות לשלטים,1220,#N/A,,2,אגרות,22,אגרות בגין שירותים וחומרים,220,#N/A
220,124600 ,1,1124600.220,מודעות בעלון עומר,,,"-17,000",,,#NAME?,1,מסים ומענק כללי,12,אגרות,124,מודעות ופרסומים,1246,#N/A,,2,אגרות,22,אגרות בגין שירותים וחומרים,220,#N/A
661,160000 ,1,1160000.661,הכנסות שונות ריבית,,,"-60,000",,,#NAME?,1,מסים ומענק כללי,16,הכנסות מימון,160,#N/A,1600,#N/A,,6,הכנסות מרכוש ומפעלים,66,הכנסות מימון,661,ריבית והצמדה והפרשי שער
913,191000 ,1,1191000.913,מענק בגין הסכמים,,,"-84,000",,,#NAME?,1,מסים ומענק כללי,19,מענקים כלליים,191,מענק כללי לאיזון,1910,#N/A,,9,השתתפות משרדי ממשלה,91,השתתפות משרד הפנים,913,#N/A
420,212300 ,1,1212300.420,השתתפות בפנוי אשפה,,,"-144,000",,,#NAME?,2,שירותים מקומיים,21,תברואה,212,שירותי ניקיון,2123,אסוף ובעור אשפה,,4,שירותים ושכר לימוד,42,השתתפויות תושבים בשירותים משלימים,420,#N/A
620,212300 ,1,1212300.620,מכירת רכב וציוד משומש,,,"-50,000",,,#NAME?,2,שירותים מקומיים,21,תברואה,212,שירותי ניקיון,2123,אסוף ובעור אשפה,,6,הכנסות מרכוש ומפעלים,62,מכירת ציוד יסודי,620,#N/A
990,213200 ,1,1213200.990,השת' הדברת יתושים,,,"-70,000",,,#NAME?,2,שירותים מקומיים,21,תברואה,213,פיקוח תברואי,2132,פקוח תברואי כללי,,9,השתתפות משרדי ממשלה,99,השתתפות משרדי ממשלה אחרים,990,#N/A
220,214200 ,1,1214200.220,פיקוח וטרינרי בדיקת בשר,,,"-15,000",,,#NAME?,2,שירותים מקומיים,21,תברואה,214,שרות וטרינרי,2142,פיקוח וטרינרי,,2,אגרות,22,אגרות בגין שירותים וחומרים,220,#N/A
221,214200 ,1,1214200.221,פיקוח וטרינרי בדיקת דגים,,,"-7,000",,,,2,שירותים מקומיים,21,תברואה,214,שרות וטרינרי,2142,פיקוח וטרינרי,,2,אגרות,22,אגרות בגין שירותים וחומרים,221,#N/A
220,214300 ,1,1214300.220,מלחמה בכלבת חיסוןורישוי,,,"-50,000",,,#NAME?,2,שירותים מקומיים,21,תברואה,214,שרות וטרינרי,2143,מלחמה בכלבת,,2,אגרות,22,אגרות בגין שירותים וחומרים,220,#N/A
221,214300 ,1,1214300.221,שיחרור כלב מהסגר,,,"-17,000",,,#NAME?,2,שירותים מקומיים,21,תברואה,214,שרות וטרינרי,2143,מלחמה בכלבת,,2,אגרות,22,אגרות בגין שירותים וחומרים,221,#N/A
220,222000 ,1,1222000.220,היטל שמירה,,,"-2,400,000",,,#NAME?,2,שירותים מקומיים,22,שמירה ובטחון,222,שמירה ביטחונית,2220,#N/A,,2,אגרות,22,אגרות בגין שירותים וחומרים,220,#N/A
221,222000 ,1,1222000.221,שמירה - פיגורים,,,"-110,000",,,#NAME?,2,שירותים מקומיים,22,שמירה ובטחון,222,שמירה ביטחונית,2220,#N/A,,2,אגרות,22,אגרות בגין שירותים וחומרים,221,#N/A
910,222100 ,1,1222100.910,"השתת' ממשלה -משא""ז",,,"-5,000",,,#NAME?,2,שירותים מקומיים,22,שמירה ובטחון,222,שמירה ביטחונית,2221,משמר אזרחי,,9,השתתפות משרדי ממשלה,91,השתתפות משרד הפנים,910,#N/A
220,231000 ,1,1231000.220,הכנסות ממכרזים,,,"-39,000",,,#NAME?,2,שירותים מקומיים,23,תכנון ובנין עיר,231,משרד מהנדס הרשות,2310,#N/A,,2,אגרות,22,אגרות בגין שירותים וחומרים,220,#N/A
290,232000 ,1,1232000.290,היטל השבחה מתושבים,,,"-495,000",,,#NAME?,2,שירותים מקומיים,23,תכנון ובנין עיר,232,תכנון עיר,2320,#N/A,,2,אגרות,29,אגרות אחרות,290,#N/A
220,233100 ,1,1233100.220,אגרת רשיונות בניה אגרת בג,,,"-545,000",,,#NAME?,2,שירותים מקומיים,23,תכנון ובנין עיר,233,רישוי ופיקוח על הבניה,2331,"אגרות, רישיונות בניה",,2,אגרות,22,אגרות בגין שירותים וחומרים,220,#N/A
990,244000 ,1,1244000.990,בטיחות בדרכים השתתפות משר,,,"-18,000",,,#NAME?,2,שירותים מקומיים,24,נכסים ציבוריים,244,בטיחות בדרכים,2440,#N/A,,9,השתתפות משרדי ממשלה,99,השתתפות משרדי ממשלה אחרים,990,#N/A
730,248000 ,1,1248000.730,ביטוח לאומי-בית העלמין,,,"-151,000",,,#NAME?,2,שירותים מקומיים,24,נכסים ציבוריים,248,בתי עלמין,2480,#N/A,,7,השתתפות מוסדות ותרומות,73,השתתפות מוסד לביטוח לאומי,730,#N/A
420,269000 ,1,1269000.420,הכנסות שונות,,,"-665,000",,,#NAME?,2,שירותים מקומיים,26,שירותים עירוניים שונים,269,הכנסות שונות,2690,#N/A,,4,שירותים ושכר לימוד,42,השתתפויות תושבים בשירותים משלימים,420,#N/A
540,269000 ,1,1269000.540,החזרים מש.ק-מילואים ר מ',,,"-50,000",,,#NAME?,2,שירותים מקומיים,26,שירותים עירוניים שונים,269,הכנסות שונות,2690,#N/A,,5,החזרות,54,החזר מחברת ביטוח,540,#N/A
920,312200 ,1,1312200.920,הש'הממשלה לגני חובה,,,"-1,752,000",,,#NAME?,3,שירותים ממלכתיים,31,חינוך,312,חינוך קדם יסודי,3122,גני ילדים גיל חובה,,9,השתתפות משרדי ממשלה,92,השתתפות משרד החינוך והתרבות,920,#N/A
410,312300 ,1,1312300.410,"גני ילדים טרום חובה שכל""מ",,,"-10,000",,,,3,שירותים ממלכתיים,31,חינוך,312,חינוך קדם יסודי,3123,גני ילדים טרום חובה,,4,שירותים ושכר לימוד,41,"שכל""מ מתושבים",410,#N/A
920,312300 ,1,1312300.920,הש' ממשלה לגני תת חובה,,,"-1,810,000",,,#NAME?,3,שירותים ממלכתיים,31,חינוך,312,חינוך קדם יסודי,3123,גני ילדים טרום חובה,,9,השתתפות משרדי ממשלה,92,השתתפות משרד החינוך והתרבות,920,#N/A
921,312300 ,1,1312300.921,השתת' ממשלה לסייעת,,,"-800,000",,,#NAME?,3,שירותים ממלכתיים,31,חינוך,312,חינוך קדם יסודי,3123,גני ילדים טרום חובה,,9,השתתפות משרדי ממשלה,92,השתתפות משרד החינוך והתרבות,921,#N/A
420,312400 ,1,1312400.420,פעוטון,,,"-1,667,000",,,#NAME?,3,שירותים ממלכתיים,31,חינוך,312,חינוך קדם יסודי,3124,מעונות ופעוטונים,,4,שירותים ושכר לימוד,42,השתתפויות תושבים בשירותים משלימים,420,#N/A
420,312410 ,1,1312410.420,תינוקיה,,,"-1,470,000",,,#NAME?,3,שירותים ממלכתיים,31,חינוך,312,חינוך קדם יסודי,3124,מעונות ופעוטונים,,4,שירותים ושכר לימוד,42,השתתפויות תושבים בשירותים משלימים,420,#N/A
420,312500 ,1,1312500.420,יולא גן,,,"-315,000",,,#NAME?,3,שירותים ממלכתיים,31,חינוך,312,חינוך קדם יסודי,3125,גני מועדון וצהרונים,,4,שירותים ושכר לימוד,42,השתתפויות תושבים בשירותים משלימים,420,#N/A
220,313200 ,1,1313200.220,בטוח תלמידים - מ.החינוך,,,"-111,000",,,#NAME?,3,שירותים ממלכתיים,31,חינוך,313,חינוך יסודי,3132,בתי״ס יסודיים,,2,אגרות,22,אגרות בגין שירותים וחומרים,220,#N/A
920,313200 ,1,1313200.920,השת' הממשלה לבתי ספר,,,"-807,000",,,#NAME?,3,שירותים ממלכתיים,31,חינוך,313,חינוך יסודי,3132,בתי״ס יסודיים,,9,השתתפות משרדי ממשלה,92,השתתפות משרד החינוך והתרבות,920,#N/A
921,313200 ,1,1313200.921,השתתפות ממשלה-בדמי שכפול,,,"-41,000",,,#NAME?,3,שירותים ממלכתיים,31,חינוך,313,חינוך יסודי,3132,בתי״ס יסודיים,,9,השתתפות משרדי ממשלה,92,השתתפות משרד החינוך והתרבות,921,#N/A
922,313200 ,1,1313200.922,סיוע ניהול עצמי,,,"-163,000",,,#NAME?,3,שירותים ממלכתיים,31,חינוך,313,חינוך יסודי,3132,בתי״ס יסודיים,,9,השתתפות משרדי ממשלה,92,השתתפות משרד החינוך והתרבות,922,#N/A
420,314800 ,1,1314800.420,השתת' הורים הסעות,,,"-272,000",,,,3,שירותים ממלכתיים,31,חינוך,314,חטיבות ביניים,3148,#N/A,,4,שירותים ושכר לימוד,42,השתתפויות תושבים בשירותים משלימים,420,#N/A
420,315700 ,1,1315700.420,השתת' הורים,,,"-14,000",,,#NAME?,3,שירותים ממלכתיים,31,חינוך,315,חינוך על יסודי,3157,בתי״ס על יסודיים מקיפים,,4,שירותים ושכר לימוד,42,השתתפויות תושבים בשירותים משלימים,420,#N/A
790,315700 ,1,1315700.790,אגרת תלמידי חוץ -אחרים,,,"-135,000",,,,3,שירותים ממלכתיים,31,חינוך,315,חינוך על יסודי,3157,בתי״ס על יסודיים מקיפים,,7,השתתפות מוסדות ותרומות,79,השתתפות מוסדות אחרים,790,#N/A
920,315700 ,1,1315700.920,השתתפות המשרד,,,"-11,734,000",,,#NAME?,3,שירותים ממלכתיים,31,חינוך,315,חינוך על יסודי,3157,בתי״ס על יסודיים מקיפים,,9,השתתפות משרדי ממשלה,92,השתתפות משרד החינוך והתרבות,920,#N/A
921,315700 ,1,1315700.921,השאלת מורים איחוד,,,"-700,000",,,#NAME?,3,שירותים ממלכתיים,31,חינוך,315,חינוך על יסודי,3157,בתי״ס על יסודיים מקיפים,,9,השתתפות משרדי ממשלה,92,השתתפות משרד החינוך והתרבות,921,#N/A
990,317100 ,1,1317100.990,הששת' באבטחה -משטרה,,,"-300,000",,,#NAME?,3,שירותים ממלכתיים,31,חינוך,317,שירותים נוספים לבתי״ס וגנ״י,3171,קב״ט שמירה ובטחון מוסדות חינוך,,9,השתתפות משרדי ממשלה,99,השתתפות משרדי ממשלה אחרים,990,#N/A
920,317300 ,1,1317300.920,שרות פסיכולוגי חינוכי השת,,,"-388,000",,,,3,שירותים ממלכתיים,31,חינוך,317,שירותים נוספים לבתי״ס וגנ״י,3173,שרות פסיכולוגי חינוכי,,9,השתתפות משרדי ממשלה,92,השתתפות משרד החינוך והתרבות,920,#N/A
921,317300 ,1,1317300.921,השתת הממשלה בהדרכה,,,"-10,000",,,,3,שירותים ממלכתיים,31,חינוך,317,שירותים נוספים לבתי״ס וגנ״י,3173,שרות פסיכולוגי חינוכי,,9,השתתפות משרדי ממשלה,92,השתתפות משרד החינוך והתרבות,921,#N/A
920,317800 ,1,1317800.920,השתת' ממשלה בהסעות תלמידי,,,"-734,000",,,#NAME?,3,שירותים ממלכתיים,31,חינוך,317,שירותים נוספים לבתי״ס וגנ״י,3178,הסעות ילדים,,9,השתתפות משרדי ממשלה,92,השתתפות משרד החינוך והתרבות,920,#N/A
920,317900 ,1,1317900.920,הכנסות מ.החינוך,,,"-72,000",,,#NAME?,3,שירותים ממלכתיים,31,חינוך,317,שירותים נוספים לבתי״ס וגנ״י,3179,שירותים אחרים,,9,השתתפות משרדי ממשלה,92,השתתפות משרד החינוך והתרבות,920,#N/A
424,322100 ,1,1322100.424,הכנסות פעולות תרבות,,,"-90,000",,,#NAME?,3,שירותים ממלכתיים,32,תרבות,322,פעולות תרבות,3221,#N/A,,4,שירותים ושכר לימוד,42,השתתפויות תושבים בשירותים משלימים,424,#N/A
640,322210 ,1,1322210.640,שכירויות חוגים,,,"-60,000",,,#NAME?,3,שירותים ממלכתיים,32,תרבות,322,פעולות תרבות,3222,#N/A,,6,הכנסות מרכוש ומפעלים,64,"שכ""ד ודמי מפתח",640,#N/A
421,323000 ,1,1323000.421,מכונת צילום ספריה,,,"-2,000",,,#NAME?,3,שירותים ממלכתיים,32,תרבות,323,ספריות עירוניות,3230,#N/A,,4,שירותים ושכר לימוד,42,השתתפויות תושבים בשירותים משלימים,421,#N/A
920,323000 ,1,1323000.920,השת' הממשלה בספריה,,,"-80,000",,,#NAME?,3,שירותים ממלכתיים,32,תרבות,323,ספריות עירוניות,3230,#N/A,,9,השתתפות משרדי ממשלה,92,השתתפות משרד החינוך והתרבות,920,#N/A
920,327000 ,1,1327000.920,השתתפות ממשלה תורנית,,,"-40,000",,,#NAME?,3,שירותים ממלכתיים,32,תרבות,327,תרבות תורנית,3270,#N/A,,9,השתתפות משרדי ממשלה,92,השתתפות משרד החינוך והתרבות,920,#N/A
424,328200 ,1,1328200.424,נוער וספורט,,,"-10,000",,,#NAME?,3,שירותים ממלכתיים,32,תרבות,328,נוער,3282,מוקדי הפעלת נוער,,4,שירותים ושכר לימוד,42,השתתפויות תושבים בשירותים משלימים,424,#N/A
990,328200 ,1,1328200.990,מצילה ומניעת סמים,,,"-90,000",,,#NAME?,3,שירותים ממלכתיים,32,תרבות,328,נוער,3282,מוקדי הפעלת נוער,,9,השתתפות משרדי ממשלה,99,השתתפות משרדי ממשלה אחרים,990,#N/A
920,329200 ,1,1329200.920,השתת' בפעולות ספורט,,,"-61,000",,,#NAME?,3,שירותים ממלכתיים,32,תרבות,329,ספורט,3292,#N/A,,9,השתתפות משרדי ממשלה,92,השתתפות משרד החינוך והתרבות,920,#N/A
930,341000 ,1,1341000.930,שכר עובדי לישכות,,,"-253,000",,,#NAME?,3,שירותים ממלכתיים,34,רווחה,341,מינהל הרווחה,3410,#N/A,,9,השתתפות משרדי ממשלה,93,השתתפות משרד העבודה והרווחה,930,#N/A
420,342200 ,1,1342200.420,משפחות במצוקה בקהילה,,,"-21,000",,,#NAME?,3,שירותים ממלכתיים,34,רווחה,342,רווחת הפרט והמשפחה,3422,צרכים מיוחדים,,4,שירותים ושכר לימוד,42,השתתפויות תושבים בשירותים משלימים,420,#N/A
930,342200 ,1,1342200.930,צרכים מיוחדים למשפחה,,,"-15,000",,,#NAME?,3,שירותים ממלכתיים,34,רווחה,342,רווחת הפרט והמשפחה,3422,צרכים מיוחדים,,9,השתתפות משרדי ממשלה,93,השתתפות משרד העבודה והרווחה,930,#N/A
930,342400 ,1,1342400.930,מרכז טיפול באלימות,,,"-15,000",,,#NAME?,3,שירותים ממלכתיים,34,רווחה,342,רווחת הפרט והמשפחה,3424,הדרכת משפחות,,9,השתתפות משרדי ממשלה,93,השתתפות משרד העבודה והרווחה,930,#N/A
930,343500 ,1,1343500.930,טפול קהילתי לילד,,,"-63,000",,,#NAME?,3,שירותים ממלכתיים,34,רווחה,343,שירותים לילד ולנוער,3435,פעולות קהילתיות,,9,השתתפות משרדי ממשלה,93,השתתפות משרד העבודה והרווחה,930,#N/A
930,344400 ,1,1344400.930,צרכים מיוחדים לזקן,,,"-50,000",,,#NAME?,3,שירותים ממלכתיים,34,רווחה,344,שירותים לזקן,3444,שירותים לזקן - קהילתי,,9,השתתפות משרדי ממשלה,93,השתתפות משרד העבודה והרווחה,930,#N/A
420,345100 ,1,1345100.420,סדור מפגרים הכנס מהורים,,,"-36,000",,,#NAME?,3,שירותים ממלכתיים,34,רווחה,345,שירותים למפגר,3451,סידור מפגרים במוסדות,,4,שירותים ושכר לימוד,42,השתתפויות תושבים בשירותים משלימים,420,#N/A
930,345100 ,1,1345100.930,השתת' ממשלה למפגרים,,,"-1,431,000",,,#NAME?,3,שירותים ממלכתיים,34,רווחה,345,שירותים למפגר,3451,סידור מפגרים במוסדות,,9,השתתפות משרדי ממשלה,93,השתתפות משרד העבודה והרווחה,930,#N/A
420,345200 ,1,1345200.420,מפגרים במעון טיפולי,,,"-18,000",,,#NAME?,3,שירותים ממלכתיים,34,רווחה,345,שירותים למפגר,3452,סידור מפגרים במסגרות יום,,4,שירותים ושכר לימוד,42,השתתפויות תושבים בשירותים משלימים,420,#N/A
930,345200,1,1345200.930,מפגרים במעון אמוני,,,"-96,000",,,#NAME?,3,שירותים ממלכתיים,34,רווחה,345,שירותים למפגר,3452,סידור מפגרים במסגרות יום,,9,השתתפות משרדי ממשלה,93,השתתפות משרד העבודה והרווחה,930,#N/A
930,345300 ,1,1345300.930,שרותים תומכים למפגר,,,"-10,000",,,#NAME?,3,שירותים ממלכתיים,34,רווחה,345,שירותים למפגר,3453,שירותים למפגר - קהילתי,,9,השתתפות משרדי ממשלה,93,השתתפות משרד העבודה והרווחה,930,#N/A
930,346300 ,1,1346300.930,דמי לווי לעיורים,,,"-29,000",,,#NAME?,3,שירותים ממלכתיים,34,רווחה,346,שירותי שיקום,3463,טיפול בעיוור בקהילה,,9,השתתפות משרדי ממשלה,93,השתתפות משרד העבודה והרווחה,930,#N/A
930,346500 ,1,1346500.930,אחזקת נכים בפנימיות.,,,"-280,000",,,#NAME?,3,שירותים ממלכתיים,34,רווחה,346,שירותי שיקום,3465,נכים - שיקום במוסדות,,9,השתתפות משרדי ממשלה,93,השתתפות משרד העבודה והרווחה,930,#N/A
930,346600 ,1,1346600.930,תעסוקה מוגנת למוגבל,,,"-19,000",,,#NAME?,3,שירותים ממלכתיים,34,רווחה,346,שירותי שיקום,3466,נכים - אחזקה במסגרות יום,,9,השתתפות משרדי ממשלה,93,השתתפות משרד העבודה והרווחה,930,#N/A
930,346700 ,1,1346700.930,נופשונים להבראה,,,"-52,000",,,#NAME?,3,שירותים ממלכתיים,34,רווחה,346,שירותי שיקום,3467,נכים - טיפול בקהילה,,9,השתתפות משרדי ממשלה,93,השתתפות משרד העבודה והרווחה,930,#N/A
930,346800 ,1,1346800.930,מפעל קרן שיקום,,,"-45,000",,,#NAME?,3,שירותים ממלכתיים,34,רווחה,346,שירותי שיקום,3468,#N/A,,9,השתתפות משרדי ממשלה,93,השתתפות משרד העבודה והרווחה,930,#N/A
930,347300 ,1,1347300.930,טיפול באלכוהליסתים,,,"-2,000",,,#NAME?,3,שירותים ממלכתיים,34,רווחה,347,שירותי תיקון,3473,סמים,,9,השתתפות משרדי ממשלה,93,השתתפות משרד העבודה והרווחה,930,#N/A
930,349000 ,1,1349000.930,משפחות עולים במצוקה,,,"-10,000",,,#NAME?,3,שירותים ממלכתיים,34,רווחה,349,שירותים לעולים,3490,#N/A,,9,השתתפות משרדי ממשלה,93,השתתפות משרד העבודה והרווחה,930,#N/A
420,356000 ,1,1356000.420,תקבולים ועד דתי,,,"-4,000",,,#NAME?,3,שירותים ממלכתיים,35,דת,356,שירותי דת יהודיים כלליים,3560,#N/A,,4,שירותים ושכר לימוד,42,השתתפויות תושבים בשירותים משלימים,420,#N/A
990,356000 ,1,1356000.990,משרד הדתות למש.בקודש,,,"-360,000",,,#NAME?,3,שירותים ממלכתיים,35,דת,356,שירותי דת יהודיים כלליים,3560,#N/A,,9,השתתפות משרדי ממשלה,99,השתתפות משרדי ממשלה אחרים,990,#N/A
210,413100 ,1,1413100.210,אגרות מים  צריכה שוטפת אג,,,"-6,600,000",,,#NAME?,4,מפעלים,41,מים,413,משק המים,4131,אגרות מים (צריכה שוטפת),,2,אגרות,21,אגרות מים וביוב,210,#N/A
211,413100 ,1,1413100.211,מים - פיגורים,,,"-325,000",,,#NAME?,4,מפעלים,41,מים,413,משק המים,4131,אגרות מים (צריכה שוטפת),,2,אגרות,21,אגרות מים וביוב,211,#N/A
212,413100 ,1,1413100.212,אגרת מים-צריכה עצמית,,,"-820,000",,,#NAME?,4,מפעלים,41,מים,413,משק המים,4131,אגרות מים (צריכה שוטפת),,2,אגרות,21,אגרות מים וביוב,212,#N/A
220,413300 ,1,1413300.220,הכנסות אחרות ממים אגרת בג,,,"-180,000",,,#NAME?,4,מפעלים,41,מים,413,משק המים,4133,#N/A,,2,אגרות,22,אגרות בגין שירותים וחומרים,220,#N/A
210,472000 ,1,1472000.210,אגרות ביוב,,,"-2,200,000",,,,4,מפעלים,47,מפעל הביוב,472,ביוב עירוני,4720,#N/A,,2,אגרות,21,אגרות מים וביוב,210,#N/A
810,472000 ,1,1472000.810,היטל ביוב,,,"-45,000",,,#NAME?,4,מפעלים,47,מפעל הביוב,472,ביוב עירוני,4720,#N/A,,8,"השתתפויות בעלים ע""ח עבודות פיתוח",81,השתתפויות בעלים,810,#N/A
690,599200 ,1,1599200.690,יתרות מתקציבים רגילים קודמים,,,"-1,496,000",,,,5,תקבולים בלתי רגילים,59,החזר מקרנות והכנסות מיוחדות,599,הכנסות לכיסוי גרעון,5992,יתרה מתקציבים רגילים קודמים,,6,הכנסות מרכוש ומפעלים,69,הכנסות שונות,690,#N/A
410,611000 ,1,1611000.410,דמי חכירה למבני המועצה,,,"23,000",,,#NAME?,6,הנהלה כללית,61,מינהל כללי,611,הנהלה ורשות,6110,#N/A,,4,אחזקת בינים ואספקת ציוד,41,שכר דירה ודמי חכירה,410,#N/A
421,611000 ,1,1611000.421,תקוני ציוד חשמלי,,,"5,000",,,#NAME?,6,הנהלה כללית,61,מינהל כללי,611,הנהלה ורשות,6110,#N/A,,4,אחזקת בינים ואספקת ציוד,42,תחזוקת מבנים,421,עבודה קבלנית
430,611000 ,1,1611000.430,צריכת חשמל - משרדי המועצה,,,"80,000",,,#NAME?,6,הנהלה כללית,61,מינהל כללי,611,הנהלה ורשות,6110,#N/A,,4,אחזקת בינים ואספקת ציוד,43,"חשמל, מים וחומרי ניקיון",430,#N/A
440,611000 ,1,1611000.440,בטוחי המועצה,,,"580,000",,,#NAME?,6,הנהלה כללית,61,מינהל כללי,611,הנהלה ורשות,6110,#N/A,,4,אחזקת בינים ואספקת ציוד,44,ביטוח,440,#N/A
470,611000 ,1,1611000.470,מכונות משרד וציוד,,,"60,000",,,#NAME?,6,הנהלה כללית,61,מינהל כללי,611,הנהלה ורשות,6110,#N/A,,4,אחזקת בינים ואספקת ציוד,47,ציוד משרדי מתכלה,470,#N/A
511,611000 ,1,1611000.511,הנהלה ומועצה אירוח וכיבוד,,,"130,000",,,#NAME?,6,הנהלה כללית,61,מינהל כללי,611,הנהלה ורשות,6110,#N/A,,5,הוצאות מנהליות,51,"אש""ל וכיבודים",511,אירוח וכיבוד
514,611000 ,1,1611000.514,שי ומתנות לעובדים,,,"38,000",,,#NAME?,6,הנהלה כללית,61,מינהל כללי,611,הנהלה ורשות,6110,#N/A,,5,הוצאות מנהליות,51,"אש""ל וכיבודים",514,רכישת מתנות
521,611000 ,1,1611000.521,הנהלה ומועצה הוצ אחרות,,,"5,000",,,#NAME?,6,הנהלה כללית,61,מינהל כללי,611,הנהלה ורשות,6110,#N/A,,5,הוצאות מנהליות,52,השתלמויות וספרות מקצועית,521,השתלמויות וספרות מקצועית
710,611000 ,1,1611000.710,הובלה ומשלוחים,,,"3,000",,,#NAME?,6,הנהלה כללית,61,מינהל כללי,611,הנהלה ורשות,6110,#N/A,,7,הוצאות לפעולות,71,הובלות והסעות קבלניות,710,#N/A
720,611000 ,1,1611000.720,חומרים שונים -ארכיב,,,"42,000",,,#NAME?,6,הנהלה כללית,61,מינהל כללי,611,הנהלה ורשות,6110,#N/A,,7,הוצאות לפעולות,72,חומרים,720,#N/A
110,611100 ,1,1611100.110,"שכ""ע-לשכה-שכר קובע",,,"473,000",,,#NAME?,6,הנהלה כללית,61,מינהל כללי,611,הנהלה ורשות,6111,ראש הרשות המקומית וסגניו,,1,"משכורות וש""ע לעובדים לפי תקן",11,השכר הקובע,110,#N/A
120,611100 ,1,1611100.120,"שכ""ע - לשכה -תוספות לשכר",,,"17,000",,,#NAME?,6,הנהלה כללית,61,מינהל כללי,611,הנהלה ורשות,6111,ראש הרשות המקומית וסגניו,,1,"משכורות וש""ע לעובדים לפי תקן",12,תוספות שאינן נכללות בשכר הקובע,120,#N/A
181,611100 ,1,1611100.181,"שכ""ע הוצ' סוציאליות",,,"34,000",,,#NAME?,6,הנהלה כללית,61,מינהל כללי,611,הנהלה ורשות,6111,ראש הרשות המקומית וסגניו,,1,"משכורות וש""ע לעובדים לפי תקן",18,נלוות לשכר,181,הפרשות סוציאליות
182,611100 ,1,1611100.182,"שכ""ע - לשכה - מיסים",,,"75,000",,,#NAME?,6,הנהלה כללית,61,מינהל כללי,611,הנהלה ורשות,6111,ראש הרשות המקומית וסגניו,,1,"משכורות וש""ע לעובדים לפי תקן",18,נלוות לשכר,182,מיסיום ועלויות
514,611100 ,1,1611100.514,ראש הרשות שי ומתנות,,,"20,000",,,#NAME?,6,הנהלה כללית,61,מינהל כללי,611,הנהלה ורשות,6111,ראש הרשות המקומית וסגניו,,5,הוצאות מנהליות,51,"אש""ל וכיבודים",514,רכישת מתנות
537,611100 ,1,1611100.537,הוצאות רכב,,,"65,000",,,#NAME?,6,הנהלה כללית,61,מינהל כללי,611,הנהלה ורשות,6111,ראש הרשות המקומית וסגניו,,5,הוצאות מנהליות,53,הוצאות רכב מינהלי,537,#N/A
870,611100 ,1,1611100.870,תרומות,,,"20,000",,,#NAME?,6,הנהלה כללית,61,מינהל כללי,611,הנהלה ורשות,6111,ראש הרשות המקומית וסגניו,,8,השתתפויות תמיכות ותרומות,87,תמיכות ביחידות סמך ומוסדות הרשות,870,#N/A
110,612000 ,1,1612000.110,שכר ונלוות -מבקר פנים,,,"61,000",,,#NAME?,6,הנהלה כללית,61,מינהל כללי,612,מבקר הרשות,6120,#N/A,,1,"משכורות וש""ע לעובדים לפי תקן",11,השכר הקובע,110,#N/A
120,612000 ,1,1612000.120,"שכ""ע תוספות -מבקר פנים",,,"2,000",,,#NAME?,6,הנהלה כללית,61,מינהל כללי,612,מבקר הרשות,6120,#N/A,,1,"משכורות וש""ע לעובדים לפי תקן",12,תוספות שאינן נכללות בשכר הקובע,120,#N/A
140,612000 ,1,1612000.140,החזר הוצאות -מבקר פנים,,,"8,000",,,,6,הנהלה כללית,61,מינהל כללי,612,מבקר הרשות,6120,#N/A,,1,"משכורות וש""ע לעובדים לפי תקן",14,החזר הוצאות,140,#N/A
181,612000 ,1,1612000.181,סוציאליות-מבקר פנים,,,"14,000",,,#NAME?,6,הנהלה כללית,61,מינהל כללי,612,מבקר הרשות,6120,#N/A,,1,"משכורות וש""ע לעובדים לפי תקן",18,נלוות לשכר,181,הפרשות סוציאליות
182,612000 ,1,1612000.182,"שכ""ע מיסים",,,"8,000",,,,6,הנהלה כללית,61,מינהל כללי,612,מבקר הרשות,6120,#N/A,,1,"משכורות וש""ע לעובדים לפי תקן",18,נלוות לשכר,182,מיסיום ועלויות
110,613000 ,1,1613000.110,שכר ונלוות- מזכירות,,,"400,000",,,#NAME?,6,הנהלה כללית,61,מינהל כללי,613,מזכירות,6130,#N/A,,1,"משכורות וש""ע לעובדים לפי תקן",11,השכר הקובע,110,#N/A
120,613000 ,1,1613000.120,"שכ""ע - מזכירות- תוספות",,,"28,000",,,#NAME?,6,הנהלה כללית,61,מינהל כללי,613,מזכירות,6130,#N/A,,1,"משכורות וש""ע לעובדים לפי תקן",12,תוספות שאינן נכללות בשכר הקובע,120,#N/A
130,613000 ,1,1613000.130,"שכ""ע - מזכירות - ש.נוספות",,,"2,000",,,,6,הנהלה כללית,61,מינהל כללי,613,מזכירות,6130,#N/A,,1,"משכורות וש""ע לעובדים לפי תקן",13,שעות נוספות,130,#N/A
140,613000 ,1,1613000.140,"שכ""ע-מזכירות-החזר הוצאות",,,"45,000",,,#NAME?,6,הנהלה כללית,61,מינהל כללי,613,מזכירות,6130,#N/A,,1,"משכורות וש""ע לעובדים לפי תקן",14,החזר הוצאות,140,#N/A
181,613000 ,1,1613000.181,"שכ""ע-מזכירות-סוציאליות",,,"85,000",,,#NAME?,6,הנהלה כללית,61,מינהל כללי,613,מזכירות,6130,#N/A,,1,"משכורות וש""ע לעובדים לפי תקן",18,נלוות לשכר,181,הפרשות סוציאליות
182,613000 ,1,1613000.182,"שכ""ע-מזכירות-מיסים",,,"67,000",,,#NAME?,6,הנהלה כללית,61,מינהל כללי,613,מזכירות,6130,#N/A,,1,"משכורות וש""ע לעובדים לפי תקן",18,נלוות לשכר,182,מיסיום ועלויות
530,613000 ,1,1613000.530,רכב מזכיר מס' 3972234,,,"30,000",,,#NAME?,6,הנהלה כללית,61,מינהל כללי,613,מזכירות,6130,#N/A,,5,הוצאות מנהליות,53,הוצאות רכב מינהלי,530,#N/A
540,613000 ,1,1613000.540,בולים וטלפון,,,"240,000",,,#NAME?,6,הנהלה כללית,61,מינהל כללי,613,מזכירות,6130,#N/A,,5,הוצאות מנהליות,54,הוצאות תקשורת,540,#N/A
560,613000 ,1,1613000.560,מינהל כללי הוצאות משרדיות,,,"100,000",,,#NAME?,6,הנהלה כללית,61,מינהל כללי,613,מזכירות,6130,#N/A,,5,הוצאות מנהליות,56,הוצאות משרדיות,560,#N/A
930,613000 ,1,1613000.930,רכישת ציוד יסודי,,,"5,000",,,#NAME?,6,הנהלה כללית,61,מינהל כללי,613,מזכירות,6130,#N/A,,9,הוצאות חד פעמיות,93,רכישת ציוד יסודי,930,#N/A
550,614000 ,1,1614000.550,הסברה ופרסום,,,"30,000",,,#NAME?,6,הנהלה כללית,61,מינהל כללי,614,הסברה ויחסי ציבור,6140,#N/A,,5,הוצאות מנהליות,55,הוצאות פרסום,550,#N/A
750,614000 ,1,1614000.750,עלונים ואינטרנט,,,"20,000",,,#NAME?,6,הנהלה כללית,61,מינהל כללי,614,הסברה ויחסי ציבור,6140,#N/A,,7,הוצאות לפעולות,75,עבודות קבלניות,750,#N/A
751,614000 ,1,1614000.751,דוברות ויחצנות,,,"93,000",,,#NAME?,6,הנהלה כללית,61,מינהל כללי,614,הסברה ויחסי ציבור,6140,#N/A,,7,הוצאות לפעולות,75,עבודות קבלניות,751,#N/A
980,614000 ,1,1614000.980,הסברה ויחסי מרשם אוכלוסין,,,"12,000",,,#NAME?,6,הנהלה כללית,61,מינהל כללי,614,הסברה ויחסי ציבור,6140,#N/A,,9,הוצאות חד פעמיות,98,הוצאות אחרות,980,#N/A
520,616000 ,1,1616000.520,"או""ש והדרכה ספרות מקצועית",,,"30,000",,,#NAME?,6,הנהלה כללית,61,מינהל כללי,616,או״ש והדרכה,6160,#N/A,,5,הוצאות מנהליות,52,השתלמויות וספרות מקצועית,520,#N/A
521,616000 ,1,1616000.521,ימי עיון והשתלמיות,,,"52,000",,,#NAME?,6,הנהלה כללית,61,מינהל כללי,616,או״ש והדרכה,6160,#N/A,,5,הוצאות מנהליות,52,השתלמויות וספרות מקצועית,521,השתלמויות וספרות מקצועית
523,616000 ,1,1616000.523,דמי חבר בארגונים,,,"140,000",,,#NAME?,6,הנהלה כללית,61,מינהל כללי,616,או״ש והדרכה,6160,#N/A,,5,הוצאות מנהליות,52,השתלמויות וספרות מקצועית,523,דמי חבר באירגונים
583,617000 ,1,1617000.583,תשלום פסקי דין,,,"75,000",,,#NAME?,6,הנהלה כללית,61,מינהל כללי,617,שרות משפטי,6170,#N/A,,5,הוצאות מנהליות,58,הוצאות ארגוניות שונות,583,#N/A
751,617000 ,1,1617000.751,"שרות משפטי -הוצ' עו""ד",,,"345,000",,,#NAME?,6,הנהלה כללית,61,מינהל כללי,617,שרות משפטי,6170,#N/A,,7,הוצאות לפעולות,75,עבודות קבלניות,751,#N/A
110,621000 ,1,1621000.110,שכר ונלוות - גזברות,,,"485,000",,,#NAME?,6,הנהלה כללית,62,מינהל כספי,621,הגזברות,6210,#N/A,,1,"משכורות וש""ע לעובדים לפי תקן",11,השכר הקובע,110,#N/A
120,621000 ,1,1621000.120,"שכ""ע-גזברות-תוספות לשכר",,,"45,000",,,#NAME?,6,הנהלה כללית,62,מינהל כספי,621,הגזברות,6210,#N/A,,1,"משכורות וש""ע לעובדים לפי תקן",12,תוספות שאינן נכללות בשכר הקובע,120,#N/A
130,621000 ,1,1621000.130,"שכ""ע-גזברות-ש.נוספות",,,"1,000",,,#NAME?,6,הנהלה כללית,62,מינהל כספי,621,הגזברות,6210,#N/A,,1,"משכורות וש""ע לעובדים לפי תקן",13,שעות נוספות,130,#N/A
140,621000 ,1,1621000.140,"שכ""ע גזברות - החזרי הוצאו",,,"64,000",,,#NAME?,6,הנהלה כללית,62,מינהל כספי,621,הגזברות,6210,#N/A,,1,"משכורות וש""ע לעובדים לפי תקן",14,החזר הוצאות,140,#N/A
181,621000 ,1,1621000.181,"שכ""ע-גזברות ה.סוציאליות",,,"78,000",,,,6,הנהלה כללית,62,מינהל כספי,621,הגזברות,6210,#N/A,,1,"משכורות וש""ע לעובדים לפי תקן",18,נלוות לשכר,181,הפרשות סוציאליות
182,621000 ,1,1621000.182,"שכ""ע-גזברות מיסים",,,"93,000",,,#NAME?,6,הנהלה כללית,62,מינהל כספי,621,הגזברות,6210,#N/A,,1,"משכורות וש""ע לעובדים לפי תקן",18,נלוות לשכר,182,מיסיום ועלויות
538,621000 ,1,1621000.538,הוצ' רכב-6198713,,,"60,000",,,#NAME?,6,הנהלה כללית,62,מינהל כספי,621,הגזברות,6210,#N/A,,5,הוצאות מנהליות,53,הוצאות רכב מינהלי,538,#N/A
560,621000 ,1,1621000.560,הגזברות הוצאות משרדיות,,,"2,000",,,#NAME?,6,הנהלה כללית,62,מינהל כספי,621,הגזברות,6210,#N/A,,5,הוצאות מנהליות,56,הוצאות משרדיות,560,#N/A
930,621000 ,1,1621000.930,רכישת רכב גזבר,,,"150,000",,,#NAME?,6,הנהלה כללית,62,מינהל כספי,621,הגזברות,6210,#N/A,,9,הוצאות חד פעמיות,93,רכישת ציוד יסודי,930,#N/A
980,621000 ,1,1621000.980,הגזברות הוצאות אחרות,,,"1,000",,,#NAME?,6,הנהלה כללית,62,מינהל כספי,621,הגזברות,6210,#N/A,,9,הוצאות חד פעמיות,98,הוצאות אחרות,980,#N/A
570,621300 ,1,1621300.570,מיחשוב הנהלת חשבונות,,,"263,000",,,#NAME?,6,הנהלה כללית,62,מינהל כספי,621,הגזברות,6213,הנהלת חשבונות,,5,הוצאות מנהליות,57,מיכון ועיבוד נתונים,570,#N/A
750,621300 ,1,1621300.750,עבודות קבלניות,,,"863,000",,,#NAME?,6,הנהלה כללית,62,מינהל כספי,621,הגזברות,6213,הנהלת חשבונות,,7,הוצאות לפעולות,75,עבודות קבלניות,750,#N/A
110,623000 ,1,1623000.110,שכר ונלוות - גביה,,,"113,000",,,#NAME?,6,הנהלה כללית,62,מינהל כספי,623,גבייה,6230,#N/A,,1,"משכורות וש""ע לעובדים לפי תקן",11,השכר הקובע,110,#N/A
120,623000 ,1,1623000.120,"שכ""ע-גביה תוספות לשכר",,,"30,000",,,,6,הנהלה כללית,62,מינהל כספי,623,גבייה,6230,#N/A,,1,"משכורות וש""ע לעובדים לפי תקן",12,תוספות שאינן נכללות בשכר הקובע,120,#N/A
130,623000 ,1,1623000.130,"שכ""ע גביה שעות נוספות",,,"3,000",,,#NAME?,6,הנהלה כללית,62,מינהל כספי,623,גבייה,6230,#N/A,,1,"משכורות וש""ע לעובדים לפי תקן",13,שעות נוספות,130,#N/A
140,623000 ,1,1623000.140,"שכ""ע גביה החזרי הוצאות",,,"37,000",,,#NAME?,6,הנהלה כללית,62,מינהל כספי,623,גבייה,6230,#N/A,,1,"משכורות וש""ע לעובדים לפי תקן",14,החזר הוצאות,140,#N/A
181,623000 ,1,1623000.181,"שכ""ע-גביה ה.סוציאליות",,,"15,000",,,#NAME?,6,הנהלה כללית,62,מינהל כספי,623,גבייה,6230,#N/A,,1,"משכורות וש""ע לעובדים לפי תקן",18,נלוות לשכר,181,הפרשות סוציאליות
182,623000 ,1,1623000.182,"שכ""ע- גביה מיסים",,,"23,000",,,#NAME?,6,הנהלה כללית,62,מינהל כספי,623,גבייה,6230,#N/A,,1,"משכורות וש""ע לעובדים לפי תקן",18,נלוות לשכר,182,מיסיום ועלויות
570,623000 ,1,1623000.570,תפעול מחשוב ותלושים,,,"115,000",,,#NAME?,6,הנהלה כללית,62,מינהל כספי,623,גבייה,6230,#N/A,,5,הוצאות מנהליות,57,מיכון ועיבוד נתונים,570,#N/A
610,631000 ,1,1631000.610,עמלות והוצאות בנקאיות עמל,,,"110,000",,,#NAME?,6,הנהלה כללית,63,הוצאות מימון,631,עמלות והוצאות בנקאיות,6310,#N/A,,6,מימון ופירעון מלוות,61,עמלות,610,#N/A
620,632000 ,1,1632000.620,הוצאות מימון ריבית משיכות,,,"1,000",,,#NAME?,6,הנהלה כללית,63,הוצאות מימון,632,הוצאות מימון,6320,#N/A,,6,מימון ופירעון מלוות,62,ריבית משיכת יתר,620,#N/A
691,649000 ,1,1649000.691,"פרעון מלוות ע""ח קרן",,,"766,000",,,#NAME?,6,הנהלה כללית,64,פרעון מלוות,649,פרעון מלוות מוכר,6490,#N/A,,6,מימון ופירעון מלוות,69,שונות,691,"תשלום ע""ח קרן"
692,649000 ,1,1649000.692,"פרעון מלוות ע""ח ריבית",,,"185,000",,,#NAME?,6,הנהלה כללית,64,פרעון מלוות,649,פרעון מלוות מוכר,6490,#N/A,,6,מימון ופירעון מלוות,69,שונות,692,"תשלום ע""ח ריבית"
693,649000 ,1,1649000.693,"פרעון מלוות ע""ח הצמדה",,,"211,000",,,#NAME?,6,הנהלה כללית,64,פרעון מלוות,649,פרעון מלוות מוכר,6490,#N/A,,6,מימון ופירעון מלוות,69,שונות,693,"תשלום ע""ח הצמדת ערך"
970,690000 ,1 ,1690000.970,הוצאות עודפות,,,"52,000",,,#NAME?,6,הנהלה כללית,69,#N/A,690,#N/A,6900,#N/A,,9,הוצאות חד פעמיות,97,מקדמת על הוצאות עודפות,970,#N/A
110,712200 ,1 ,1712200.110,שכר ונלוות - נקוי רחובות,,,"1,220,000",,,#NAME?,7,שירותים מקומיים,71,תברואה,712,שירותי ניקיון,7122,ניקוי רחובות,,1,"משכורות וש""ע לעובדים לפי תקן",11,השכר הקובע,110,#N/A
120,712200 ,1 ,1712200.120,"שכ""ע-נקוי רחובות תוספות",,,"150,000",,,#NAME?,7,שירותים מקומיים,71,תברואה,712,שירותי ניקיון,7122,ניקוי רחובות,,1,"משכורות וש""ע לעובדים לפי תקן",12,תוספות שאינן נכללות בשכר הקובע,120,#N/A
130,712200 ,1 ,1712200.130,"שכ""ע-נקוי רחובות ש.נוספות",,,"400,000",,,#NAME?,7,שירותים מקומיים,71,תברואה,712,שירותי ניקיון,7122,ניקוי רחובות,,1,"משכורות וש""ע לעובדים לפי תקן",13,שעות נוספות,130,#N/A
140,712200 ,1 ,1712200.140,"שכ""ע נקוי רחובות החזרי הו",,,"102,000",,,#NAME?,7,שירותים מקומיים,71,תברואה,712,שירותי ניקיון,7122,ניקוי רחובות,,1,"משכורות וש""ע לעובדים לפי תקן",14,החזר הוצאות,140,#N/A
181,712200 ,1 ,1712200.181,"שכ""ע נקוי רחובות ה.סוציאל",,,"278,000",,,,7,שירותים מקומיים,71,תברואה,712,שירותי ניקיון,7122,ניקוי רחובות,,1,"משכורות וש""ע לעובדים לפי תקן",18,נלוות לשכר,181,הפרשות סוציאליות
182,712200 ,1 ,1712200.182,"שכ""ע נקוי רחובות מיסים",,,"235,000",,,,7,שירותים מקומיים,71,תברואה,712,שירותי ניקיון,7122,ניקוי רחובות,,1,"משכורות וש""ע לעובדים לפי תקן",18,נלוות לשכר,182,מיסיום ועלויות
530,712200 ,1 ,1712200.530,הוצ' אח' מכונת טיאוט,,,"190,000",,,,7,שירותים מקומיים,71,תברואה,712,שירותי ניקיון,7122,ניקוי רחובות,,5,הוצאות מנהליות,53,הוצאות רכב מינהלי,530,#N/A
750,712300 ,1 ,1712300.750,עבודות קבלניות,,,"3,620,000",,,#NAME?,7,שירותים מקומיים,71,תברואה,712,שירותי ניקיון,7123,אסוף ובעור אשפה,,7,הוצאות לפעולות,75,עבודות קבלניות,750,#N/A
110,714300 ,1 ,1714300.110,"שכ""ע וטרינרית",,,"134,000",,,#NAME?,7,שירותים מקומיים,71,תברואה,714,שרות וטרינרי,7143,מלחמה בכלבת,,1,"משכורות וש""ע לעובדים לפי תקן",11,השכר הקובע,110,#N/A
120,714300 ,1 ,1714300.120,"שכ""ע-תוספות לשכר",,,"16,000",,,#NAME?,7,שירותים מקומיים,71,תברואה,714,שרות וטרינרי,7143,מלחמה בכלבת,,1,"משכורות וש""ע לעובדים לפי תקן",12,תוספות שאינן נכללות בשכר הקובע,120,#N/A
130,714300 ,1 ,1714300.130,"שכ""ע-שעות נוספות",,,"10,000",,,#NAME?,7,שירותים מקומיים,71,תברואה,714,שרות וטרינרי,7143,מלחמה בכלבת,,1,"משכורות וש""ע לעובדים לפי תקן",13,שעות נוספות,130,#N/A
140,714300 ,1 ,1714300.140,"עכ""ע-החזרי הוצאות",,,"18,000",,,#NAME?,7,שירותים מקומיים,71,תברואה,714,שרות וטרינרי,7143,מלחמה בכלבת,,1,"משכורות וש""ע לעובדים לפי תקן",14,החזר הוצאות,140,#N/A
181,714300 ,1 ,1714300.181,"שכ""ע-ה.סוציאליות",,,"17,000",,,#NAME?,7,שירותים מקומיים,71,תברואה,714,שרות וטרינרי,7143,מלחמה בכלבת,,1,"משכורות וש""ע לעובדים לפי תקן",18,נלוות לשכר,181,הפרשות סוציאליות
182,714300 ,1 ,1714300.182,"שכ""ע-מיסים",,,"23,000",,,#NAME?,7,שירותים מקומיים,71,תברואה,714,שרות וטרינרי,7143,מלחמה בכלבת,,1,"משכורות וש""ע לעובדים לפי תקן",18,נלוות לשכר,182,מיסיום ועלויות
720,714300 ,1 ,1714300.720,ציוד וחמרים,,,"30,000",,,#NAME?,7,שירותים מקומיים,71,תברואה,714,שרות וטרינרי,7143,מלחמה בכלבת,,7,הוצאות לפעולות,72,חומרים,720,#N/A
930,714300 ,1 ,1714300.930,ציוד יסודי,,,"10,000",,,#NAME?,7,שירותים מקומיים,71,תברואה,714,שרות וטרינרי,7143,מלחמה בכלבת,,9,הוצאות חד פעמיות,93,רכישת ציוד יסודי,930,#N/A
931,714300 ,1 ,1714300.931,שבבים לכלבים,,,"3,000",,,#NAME?,7,שירותים מקומיים,71,תברואה,714,שרות וטרינרי,7143,מלחמה בכלבת,,9,הוצאות חד פעמיות,93,רכישת ציוד יסודי,931,#N/A
110,715000 ,1 ,1715000.110,"שכ""ע תברואה",,,"337,000",,,#NAME?,7,שירותים מקומיים,71,תברואה,715,תברואה מונעת,7150,#N/A,,1,"משכורות וש""ע לעובדים לפי תקן",11,השכר הקובע,110,#N/A
120,715000 ,1 ,1715000.120,"שכ""ע-תברואה תוספות לשכר",,,"42,000",,,#NAME?,7,שירותים מקומיים,71,תברואה,715,תברואה מונעת,7150,#N/A,,1,"משכורות וש""ע לעובדים לפי תקן",12,תוספות שאינן נכללות בשכר הקובע,120,#N/A
130,715000 ,1 ,1715000.130,"שכ""ע-תברואה ש. נוספות",,,"25,000",,,,7,שירותים מקומיים,71,תברואה,715,תברואה מונעת,7150,#N/A,,1,"משכורות וש""ע לעובדים לפי תקן",13,שעות נוספות,130,#N/A
140,715000 ,1 ,1715000.140,"שכ""ע-תברואה החזרי הוצאות",,,"51,000",,,#NAME?,7,שירותים מקומיים,71,תברואה,715,תברואה מונעת,7150,#N/A,,1,"משכורות וש""ע לעובדים לפי תקן",14,החזר הוצאות,140,#N/A
181,715000 ,1 ,1715000.181,"שכ""ע-תברואה ה.סוציאליות",,,"75,000",,,#NAME?,7,שירותים מקומיים,71,תברואה,715,תברואה מונעת,7150,#N/A,,1,"משכורות וש""ע לעובדים לפי תקן",18,נלוות לשכר,181,הפרשות סוציאליות
182,715000 ,1 ,1715000.182,"שכ""ע-תברואה מיסים",,,"58,000",,,#NAME?,7,שירותים מקומיים,71,תברואה,715,תברואה מונעת,7150,#N/A,,1,"משכורות וש""ע לעובדים לפי תקן",18,נלוות לשכר,182,מיסיום ועלויות
530,715000 ,1 ,1715000.530,אחזקת מכוניות וביטוח,,,"110,000",,,#NAME?,7,שירותים מקומיים,71,תברואה,715,תברואה מונעת,7150,#N/A,,5,הוצאות מנהליות,53,הוצאות רכב מינהלי,530,#N/A
720,715000 ,1 ,1715000.720,ציוד חמרים,,,"36,000",,,#NAME?,7,שירותים מקומיים,71,תברואה,715,תברואה מונעת,7150,#N/A,,7,הוצאות לפעולות,72,חומרים,720,#N/A
721,715000 ,1 ,1715000.721,חומרי הדברה,,,"135,000",,,#NAME?,7,שירותים מקומיים,71,תברואה,715,תברואה מונעת,7150,#N/A,,7,הוצאות לפעולות,72,חומרים,721,#N/A
740,715000 ,1 ,1715000.740,כלים מכשירים וציוד,,,"5,000",,,#NAME?,7,שירותים מקומיים,71,תברואה,715,תברואה מונעת,7150,#N/A,,7,הוצאות לפעולות,74,"כלים, מכשירים וציוד",740,#N/A
750,715000 ,1 ,1715000.750,עבודות קבלניות- א' עובדים,,,"130,000",,,,7,שירותים מקומיים,71,תברואה,715,תברואה מונעת,7150,#N/A,,7,הוצאות לפעולות,75,עבודות קבלניות,750,#N/A
110,722000 ,1 ,1722000.110,שכר ונלוות - בטחון,,,"164,000",,,#NAME?,7,שירותים מקומיים,72,שמירה ובטחון,722,שמירה ביטחונית,7220,#N/A,,1,"משכורות וש""ע לעובדים לפי תקן",11,השכר הקובע,110,#N/A
120,722000 ,1 ,1722000.120,"שכ""ע-שמירה ובטחון תוספות",,,"9,000",,,#NAME?,7,שירותים מקומיים,72,שמירה ובטחון,722,שמירה ביטחונית,7220,#N/A,,1,"משכורות וש""ע לעובדים לפי תקן",12,תוספות שאינן נכללות בשכר הקובע,120,#N/A
130,722000 ,1 ,1722000.130,"שכ""ע-שמירה ובטחון ש.נוספו",,,"24,000",,,#NAME?,7,שירותים מקומיים,72,שמירה ובטחון,722,שמירה ביטחונית,7220,#N/A,,1,"משכורות וש""ע לעובדים לפי תקן",13,שעות נוספות,130,#N/A
140,722000 ,1 ,1722000.140,"שכ""ע-שמירה ובטחון החזרי ה",,,"2,000",,,,7,שירותים מקומיים,72,שמירה ובטחון,722,שמירה ביטחונית,7220,#N/A,,1,"משכורות וש""ע לעובדים לפי תקן",14,החזר הוצאות,140,#N/A
181,722000 ,1 ,1722000.181,"שכ""ע-שמירה ובטחון ה.סוציא",,,"31,000",,,#NAME?,7,שירותים מקומיים,72,שמירה ובטחון,722,שמירה ביטחונית,7220,#N/A,,1,"משכורות וש""ע לעובדים לפי תקן",18,נלוות לשכר,181,הפרשות סוציאליות
182,722000 ,1 ,1722000.182,"שכ""ע-שמירה ובטחון מיסים",,,"30,000",,,#NAME?,7,שירותים מקומיים,72,שמירה ובטחון,722,שמירה ביטחונית,7220,#N/A,,1,"משכורות וש""ע לעובדים לפי תקן",18,נלוות לשכר,182,מיסיום ועלויות
511,722000 ,1 ,1722000.511,שמירה בטחונית אירוח וכיבו,,,"1,000",,,#NAME?,7,שירותים מקומיים,72,שמירה ובטחון,722,שמירה ביטחונית,7220,#N/A,,5,הוצאות מנהליות,51,"אש""ל וכיבודים",511,אירוח וכיבוד
530,722000 ,1 ,1722000.530,א. נגררי מים-מלח,,,"10,000",,,#NAME?,7,שירותים מקומיים,72,שמירה ובטחון,722,שמירה ביטחונית,7220,#N/A,,5,הוצאות מנהליות,53,הוצאות רכב מינהלי,530,#N/A
531,722000 ,1 ,1722000.531,רכב סוברו ביטחון,,,"20,000",,,#NAME?,7,שירותים מקומיים,72,שמירה ובטחון,722,שמירה ביטחונית,7220,#N/A,,5,הוצאות מנהליות,53,הוצאות רכב מינהלי,531,דלק ושמנים
538,722000 ,1 ,1722000.538,"מזדה משא""ז",,,"40,000",,,#NAME?,7,שירותים מקומיים,72,שמירה ובטחון,722,שמירה ביטחונית,7220,#N/A,,5,הוצאות מנהליות,53,הוצאות רכב מינהלי,538,#N/A
720,722000 ,1 ,1722000.720,חמרים,,,"10,000",,,#NAME?,7,שירותים מקומיים,72,שמירה ובטחון,722,שמירה ביטחונית,7220,#N/A,,7,הוצאות לפעולות,72,חומרים,720,#N/A
740,722000 ,1 ,1722000.740,ציוד כלים מכשירים,,,"1,000",,,#NAME?,7,שירותים מקומיים,72,שמירה ובטחון,722,שמירה ביטחונית,7220,#N/A,,7,הוצאות לפעולות,74,"כלים, מכשירים וציוד",740,#N/A
750,722000 ,1 ,1722000.750,עבודות קבלניות,,,"2,035,000",,,#NAME?,7,שירותים מקומיים,72,שמירה ובטחון,722,שמירה ביטחונית,7220,#N/A,,7,הוצאות לפעולות,75,עבודות קבלניות,750,#N/A
760,722000 ,1 ,1722000.760,שמירה בטחונית חשמל ומים ל,,,"20,000",,,#NAME?,7,שירותים מקומיים,72,שמירה ובטחון,722,שמירה ביטחונית,7220,#N/A,,7,הוצאות לפעולות,76,קניית שירותים מרשויות ומוסדות,760,#N/A
780,722000 ,1 ,1722000.780,הוצאות אחרות,,,"3,000",,,#NAME?,7,שירותים מקומיים,72,שמירה ובטחון,722,שמירה ביטחונית,7220,#N/A,,7,הוצאות לפעולות,78,הוצאות שונות,780,#N/A
511,722100 ,1 ,1722100.511,"כיבודים -משא""ז",,,"1,000",,,#NAME?,7,שירותים מקומיים,72,שמירה ובטחון,722,שמירה ביטחונית,7221,משמר אזרחי,,5,הוצאות מנהליות,51,"אש""ל וכיבודים",511,אירוח וכיבוד
550,722100 ,1 ,1722100.550,"פרסום והסברה -משא""ז",,,"2,000",,,#NAME?,7,שירותים מקומיים,72,שמירה ובטחון,722,שמירה ביטחונית,7221,משמר אזרחי,,5,הוצאות מנהליות,55,הוצאות פרסום,550,#N/A
720,722100 ,1 ,1722100.720,"חומרים - משא""ז",,,"2,000",,,#NAME?,7,שירותים מקומיים,72,שמירה ובטחון,722,שמירה ביטחונית,7221,משמר אזרחי,,7,הוצאות לפעולות,72,חומרים,720,#N/A
780,722100 ,1 ,1722100.780,"שונות וכו""א משאז",,,"13,000",,,#NAME?,7,שירותים מקומיים,72,שמירה ובטחון,722,שמירה ביטחונית,7221,משמר אזרחי,,7,הוצאות לפעולות,78,הוצאות שונות,780,#N/A
870,723000 ,1 ,1723000.870,"השתתפות בהג""א כלל ארצי",,,"50,000",,,#NAME?,7,שירותים מקומיים,72,שמירה ובטחון,723,הג״א,7230,#N/A,,8,השתתפויות תמיכות ותרומות,87,תמיכות ביחידות סמך ומוסדות הרשות,870,#N/A
750,724000 ,1 ,1724000.750,רכישת ציוד לכיבוי אש,,,"35,000",,,#NAME?,7,שירותים מקומיים,72,שמירה ובטחון,724,כבוי אש,7240,#N/A,,7,הוצאות לפעולות,75,עבודות קבלניות,750,#N/A
830,724000 ,1 ,1724000.830,השת' באגוד ערים לכבאות,,,"128,000",,,#NAME?,7,שירותים מקומיים,72,שמירה ובטחון,724,כבוי אש,7240,#N/A,,8,השתתפויות תמיכות ותרומות,83,#N/A,830,#N/A
750,725000 ,1 ,1725000.750,קבלניות בטיחות,,,"57,000",,,#NAME?,7,שירותים מקומיים,72,שמירה ובטחון,725,בטיחות,7250,#N/A,,7,הוצאות לפעולות,75,עבודות קבלניות,750,#N/A
110,731000 ,1 ,1731000.110,שכר ונלוות - מח' הנדסה,,,"310,000",,,#NAME?,7,שירותים מקומיים,73,תכנון ובנין עיר,731,משרד מהנדס הרשות,7310,#N/A,,1,"משכורות וש""ע לעובדים לפי תקן",11,השכר הקובע,110,#N/A
120,731000 ,1 ,1731000.120,"שכ""ע-תכנון עיר תוספות לשכ",,,"12,000",,,#NAME?,7,שירותים מקומיים,73,תכנון ובנין עיר,731,משרד מהנדס הרשות,7310,#N/A,,1,"משכורות וש""ע לעובדים לפי תקן",12,תוספות שאינן נכללות בשכר הקובע,120,#N/A
130,731000 ,1 ,1731000.130,"שכ""ע-תכנון עיר ש.נוספות",,,"1,000",,,#NAME?,7,שירותים מקומיים,73,תכנון ובנין עיר,731,משרד מהנדס הרשות,7310,#N/A,,1,"משכורות וש""ע לעובדים לפי תקן",13,שעות נוספות,130,#N/A
140,731000 ,1 ,1731000.140,"שכ""ע-תכנון עיר החזרי הוצא",,,"1,000",,,,7,שירותים מקומיים,73,תכנון ובנין עיר,731,משרד מהנדס הרשות,7310,#N/A,,1,"משכורות וש""ע לעובדים לפי תקן",14,החזר הוצאות,140,#N/A
181,731000 ,1 ,1731000.181,"שכ""ע-תכנון עיר ה.סוציאליו",,,"64,000",,,#NAME?,7,שירותים מקומיים,73,תכנון ובנין עיר,731,משרד מהנדס הרשות,7310,#N/A,,1,"משכורות וש""ע לעובדים לפי תקן",18,נלוות לשכר,181,הפרשות סוציאליות
182,731000 ,1 ,1731000.182,"עכ""ע-תכנון עיר מיסים",,,"46,000",,,#NAME?,7,שירותים מקומיים,73,תכנון ובנין עיר,731,משרד מהנדס הרשות,7310,#N/A,,1,"משכורות וש""ע לעובדים לפי תקן",18,נלוות לשכר,182,מיסיום ועלויות
530,731000 ,1 ,1731000.530,אחזקת מכוניות וביטוח,,,"30,000",,,#NAME?,7,שירותים מקומיים,73,תכנון ובנין עיר,731,משרד מהנדס הרשות,7310,#N/A,,5,הוצאות מנהליות,53,הוצאות רכב מינהלי,530,#N/A
720,731000 ,1 ,1731000.720,חומרים,,,"15,000",,,#NAME?,7,שירותים מקומיים,73,תכנון ובנין עיר,731,משרד מהנדס הרשות,7310,#N/A,,7,הוצאות לפעולות,72,חומרים,720,#N/A
740,731000 ,1 ,1731000.740,ציוד כלים מכשירים,,,"3,000",,,#NAME?,7,שירותים מקומיים,73,תכנון ובנין עיר,731,משרד מהנדס הרשות,7310,#N/A,,7,הוצאות לפעולות,74,"כלים, מכשירים וציוד",740,#N/A
780,731000 ,1 ,1731000.780,הוצאות אחרות,,,"4,000",,,#NAME?,7,שירותים מקומיים,73,תכנון ובנין עיר,731,משרד מהנדס הרשות,7310,#N/A,,7,הוצאות לפעולות,78,הוצאות שונות,780,#N/A
750,732000 ,1 ,1732000.750,עבודות קבלניות,,,"2,000",,,#NAME?,7,שירותים מקומיים,73,תכנון ובנין עיר,732,תכנון עיר,7320,#N/A,,7,הוצאות לפעולות,75,עבודות קבלניות,750,#N/A
110,733200 ,1 ,1733200.110,שכר ונלוות,,,"258,000",,,#NAME?,7,שירותים מקומיים,73,תכנון ובנין עיר,733,רישוי ופיקוח על הבניה,7332,פקוח על הבניה,,1,"משכורות וש""ע לעובדים לפי תקן",11,השכר הקובע,110,#N/A
120,733200 ,1 ,1733200.120,"שכ""ע-הנדסה תוספות לשכר",,,"12,000",,,,7,שירותים מקומיים,73,תכנון ובנין עיר,733,רישוי ופיקוח על הבניה,7332,פקוח על הבניה,,1,"משכורות וש""ע לעובדים לפי תקן",12,תוספות שאינן נכללות בשכר הקובע,120,#N/A
130,733200 ,1 ,1733200.130,"שכ""ע-הנדסה ש. נוספות",,,"1,000",,,#NAME?,7,שירותים מקומיים,73,תכנון ובנין עיר,733,רישוי ופיקוח על הבניה,7332,פקוח על הבניה,,1,"משכורות וש""ע לעובדים לפי תקן",13,שעות נוספות,130,#N/A
140,733200 ,1 ,1733200.140,"שכ""ע- הנדסה החזרי הוצאות",,,"76,000",,,#NAME?,7,שירותים מקומיים,73,תכנון ובנין עיר,733,רישוי ופיקוח על הבניה,7332,פקוח על הבניה,,1,"משכורות וש""ע לעובדים לפי תקן",14,החזר הוצאות,140,#N/A
181,733200 ,1 ,1733200.181,"שכ""ע- הנדסה ה.סוציאליות",,,"41,000",,,#NAME?,7,שירותים מקומיים,73,תכנון ובנין עיר,733,רישוי ופיקוח על הבניה,7332,פקוח על הבניה,,1,"משכורות וש""ע לעובדים לפי תקן",18,נלוות לשכר,181,הפרשות סוציאליות
182,733200 ,1 ,1733200.182,"שכ""ע- הנדסה מיסים",,,"39,000",,,#NAME?,7,שירותים מקומיים,73,תכנון ובנין עיר,733,רישוי ופיקוח על הבניה,7332,פקוח על הבניה,,1,"משכורות וש""ע לעובדים לפי תקן",18,נלוות לשכר,182,מיסיום ועלויות
570,733200 ,1 ,1733200.570,פיקוח על הב הוצ מיכון,,,"45,000",,,#NAME?,7,שירותים מקומיים,73,תכנון ובנין עיר,733,רישוי ופיקוח על הבניה,7332,פקוח על הבניה,,5,הוצאות מנהליות,57,מיכון ועיבוד נתונים,570,#N/A
750,733200 ,1 ,1733200.750,עב' קבלניות(שמאות),,,"145,000",,,#NAME?,7,שירותים מקומיים,73,תכנון ובנין עיר,733,רישוי ופיקוח על הבניה,7332,פקוח על הבניה,,7,הוצאות לפעולות,75,עבודות קבלניות,750,#N/A
110,741000 ,1 ,1741000.110,שכר ונלוות - אחזקה כללית,,,"1,023,000",,,#NAME?,7,שירותים מקומיים,74,נכסים ציבוריים,741,מינהל נכסים ציבוריים,7410,#N/A,,1,"משכורות וש""ע לעובדים לפי תקן",11,השכר הקובע,110,#N/A
120,741000 ,1 ,1741000.120,"שכ""ע-אחז' כללית תוספות לש",,,"115,000",,,#NAME?,7,שירותים מקומיים,74,נכסים ציבוריים,741,מינהל נכסים ציבוריים,7410,#N/A,,1,"משכורות וש""ע לעובדים לפי תקן",12,תוספות שאינן נכללות בשכר הקובע,120,#N/A
130,741000 ,1 ,1741000.130,"שכ""ע- אחז' כללית ש.נוספות",,,"50,000",,,#NAME?,7,שירותים מקומיים,74,נכסים ציבוריים,741,מינהל נכסים ציבוריים,7410,#N/A,,1,"משכורות וש""ע לעובדים לפי תקן",13,שעות נוספות,130,#N/A
140,741000 ,1 ,1741000.140,"שכ""ע-אחז' כללית החזרי הוצ",,,"95,000",,,#NAME?,7,שירותים מקומיים,74,נכסים ציבוריים,741,מינהל נכסים ציבוריים,7410,#N/A,,1,"משכורות וש""ע לעובדים לפי תקן",14,החזר הוצאות,140,#N/A
181,741000 ,1 ,1741000.181,"שכ""ע-אחז' כללית ה. סוציאל",,,"200,000",,,#NAME?,7,שירותים מקומיים,74,נכסים ציבוריים,741,מינהל נכסים ציבוריים,7410,#N/A,,1,"משכורות וש""ע לעובדים לפי תקן",18,נלוות לשכר,181,הפרשות סוציאליות
182,741000 ,1 ,1741000.182,"שכ""ע-אחז' כללית מיסים",,,"156,000",,,#NAME?,7,שירותים מקומיים,74,נכסים ציבוריים,741,מינהל נכסים ציבוריים,7410,#N/A,,1,"משכורות וש""ע לעובדים לפי תקן",18,נלוות לשכר,182,מיסיום ועלויות
420,741000 ,1 ,1741000.420,תקונים שונים,,,"2,000",,,#NAME?,7,שירותים מקומיים,74,נכסים ציבוריים,741,מינהל נכסים ציבוריים,7410,#N/A,,4,אחזקת בינים ואספקת ציוד,42,תחזוקת מבנים,420,#N/A
530,741000 ,1 ,1741000.530,אחזקת ציוד וכלי המחלקה,,,"100,000",,,#NAME?,7,שירותים מקומיים,74,נכסים ציבוריים,741,מינהל נכסים ציבוריים,7410,#N/A,,5,הוצאות מנהליות,53,הוצאות רכב מינהלי,530,#N/A
531,741000 ,1 ,1741000.531,הוצ' ר' ברלינגו חדש 1973368,,,"45,000",,,#NAME?,7,שירותים מקומיים,74,נכסים ציבוריים,741,מינהל נכסים ציבוריים,7410,#N/A,,5,הוצאות מנהליות,53,הוצאות רכב מינהלי,531,דלק ושמנים
539,741000 ,1 ,1741000.539,רכב קניין 1973368,,,"41,000",,,#NAME?,7,שירותים מקומיים,74,נכסים ציבוריים,741,מינהל נכסים ציבוריים,7410,#N/A,,5,הוצאות מנהליות,53,הוצאות רכב מינהלי,539,#N/A
720,741000 ,1 ,1741000.720,ציוד חומרים,,,"160,000",,,#NAME?,7,שירותים מקומיים,74,נכסים ציבוריים,741,מינהל נכסים ציבוריים,7410,#N/A,,7,הוצאות לפעולות,72,חומרים,720,#N/A
740,741000 ,1 ,1741000.740,כלים מכשירים,,,"45,000",,,#NAME?,7,שירותים מקומיים,74,נכסים ציבוריים,741,מינהל נכסים ציבוריים,7410,#N/A,,7,הוצאות לפעולות,74,"כלים, מכשירים וציוד",740,#N/A
750,741000 ,1 ,1741000.750,עב.קבל.אח' מתקני משחקים,,,"140,000",,,#NAME?,7,שירותים מקומיים,74,נכסים ציבוריים,741,מינהל נכסים ציבוריים,7410,#N/A,,7,הוצאות לפעולות,75,עבודות קבלניות,750,#N/A
780,741000 ,1 ,1741000.780,הוצאות אחרות,,,"25,000",,,#NAME?,7,שירותים מקומיים,74,נכסים ציבוריים,741,מינהל נכסים ציבוריים,7410,#N/A,,7,הוצאות לפעולות,78,הוצאות שונות,780,#N/A
930,741000 ,1 ,1741000.930,רכישת ציוד יסודי,,,"3,000",,,#NAME?,7,שירותים מקומיים,74,נכסים ציבוריים,741,מינהל נכסים ציבוריים,7410,#N/A,,9,הוצאות חד פעמיות,93,רכישת ציוד יסודי,930,#N/A
110,742000 ,1 ,1742000.110,שכר ונלוות - מח' כבישים,,,"90,000",,,#NAME?,7,שירותים מקומיים,74,נכסים ציבוריים,742,דרכים ומדרכות,7420,#N/A,,1,"משכורות וש""ע לעובדים לפי תקן",11,השכר הקובע,110,#N/A
120,742000 ,1 ,1742000.120,"שכ""ע-כבישים תוספות לשכר",,,"12,000",,,#NAME?,7,שירותים מקומיים,74,נכסים ציבוריים,742,דרכים ומדרכות,7420,#N/A,,1,"משכורות וש""ע לעובדים לפי תקן",12,תוספות שאינן נכללות בשכר הקובע,120,#N/A
130,742000 ,1 ,1742000.130,"שכ""ע-כבישים ש.נוספות",,,"2,000",,,#NAME?,7,שירותים מקומיים,74,נכסים ציבוריים,742,דרכים ומדרכות,7420,#N/A,,1,"משכורות וש""ע לעובדים לפי תקן",13,שעות נוספות,130,#N/A
140,742000 ,1 ,1742000.140,"שכ""ע-כבישים החזרי הוצאות",,,"6,000",,,#NAME?,7,שירותים מקומיים,74,נכסים ציבוריים,742,דרכים ומדרכות,7420,#N/A,,1,"משכורות וש""ע לעובדים לפי תקן",14,החזר הוצאות,140,#N/A
181,742000 ,1 ,1742000.181,"שכ""ע-כבישים ה.סוציאליות",,,"11,000",,,#NAME?,7,שירותים מקומיים,74,נכסים ציבוריים,742,דרכים ומדרכות,7420,#N/A,,1,"משכורות וש""ע לעובדים לפי תקן",18,נלוות לשכר,181,הפרשות סוציאליות
182,742000 ,1 ,1742000.182,"שכ""ע-כבישים מיסים",,,"13,000",,,#NAME?,7,שירותים מקומיים,74,נכסים ציבוריים,742,דרכים ומדרכות,7420,#N/A,,1,"משכורות וש""ע לעובדים לפי תקן",18,נלוות לשכר,182,מיסיום ועלויות
720,742000 ,1 ,1742000.720,ציוד חמרים,,,"5,000",,,#NAME?,7,שירותים מקומיים,74,נכסים ציבוריים,742,דרכים ומדרכות,7420,#N/A,,7,הוצאות לפעולות,72,חומרים,720,#N/A
110,743000 ,1 ,1743000.110,שכר ונלוות - מח' חשמל,,,"80,000",,,#NAME?,7,שירותים מקומיים,74,נכסים ציבוריים,743,תאורת רחובות,7430,#N/A,,1,"משכורות וש""ע לעובדים לפי תקן",11,השכר הקובע,110,#N/A
120,743000 ,1 ,1743000.120,"שכ""ע-ת.רחובות תוספות לשכר",,,"8,000",,,#NAME?,7,שירותים מקומיים,74,נכסים ציבוריים,743,תאורת רחובות,7430,#N/A,,1,"משכורות וש""ע לעובדים לפי תקן",12,תוספות שאינן נכללות בשכר הקובע,120,#N/A
130,743000 ,1 ,1743000.130,"שכ""ע-ת.רחובות ש. נוספות",,,"14,000",,,#NAME?,7,שירותים מקומיים,74,נכסים ציבוריים,743,תאורת רחובות,7430,#N/A,,1,"משכורות וש""ע לעובדים לפי תקן",13,שעות נוספות,130,#N/A
140,743000 ,1 ,1743000.140,"שכ""ע-ת. רחובות החזרי הוצא",,,"21,000",,,#NAME?,7,שירותים מקומיים,74,נכסים ציבוריים,743,תאורת רחובות,7430,#N/A,,1,"משכורות וש""ע לעובדים לפי תקן",14,החזר הוצאות,140,#N/A
181,743000 ,1 ,1743000.181,"שכ""ע-ת. רחובות ה. סוציאלי",,,"21,000",,,#NAME?,7,שירותים מקומיים,74,נכסים ציבוריים,743,תאורת רחובות,7430,#N/A,,1,"משכורות וש""ע לעובדים לפי תקן",18,נלוות לשכר,181,הפרשות סוציאליות
182,743000 ,1 ,1743000.182,"שכ""ע-ת. רחובות מיסים",,,"17,000",,,#NAME?,7,שירותים מקומיים,74,נכסים ציבוריים,743,תאורת רחובות,7430,#N/A,,1,"משכורות וש""ע לעובדים לפי תקן",18,נלוות לשכר,182,מיסיום ועלויות
720,743000 ,1 ,1743000.720,ציוד חמרים,,,"35,000",,,#NAME?,7,שירותים מקומיים,74,נכסים ציבוריים,743,תאורת רחובות,7430,#N/A,,7,הוצאות לפעולות,72,חומרים,720,#N/A
740,743000 ,1 ,1743000.740,כלים מכשירים,,,"5,000",,,#NAME?,7,שירותים מקומיים,74,נכסים ציבוריים,743,תאורת רחובות,7430,#N/A,,7,הוצאות לפעולות,74,"כלים, מכשירים וציוד",740,#N/A
750,743000 ,1 ,1743000.750,עבודות קבלניות,,,"2,000",,,#NAME?,7,שירותים מקומיים,74,נכסים ציבוריים,743,תאורת רחובות,7430,#N/A,,7,הוצאות לפעולות,75,עבודות קבלניות,750,#N/A
760,743000 ,1 ,1743000.760,תאורת רחובות חשמל,,,"720,000",,,#NAME?,7,שירותים מקומיים,74,נכסים ציבוריים,743,תאורת רחובות,7430,#N/A,,7,הוצאות לפעולות,76,קניית שירותים מרשויות ומוסדות,760,#N/A
720,744000 ,1 ,1744000.720,ציוד חומרים,,,"60,000",,,#NAME?,7,שירותים מקומיים,74,נכסים ציבוריים,744,בטיחות בדרכים,7440,#N/A,,7,הוצאות לפעולות,72,חומרים,720,#N/A
740,744000 ,1 ,1744000.740,כלים מכשירים,,,"20,000",,,#NAME?,7,שירותים מקומיים,74,נכסים ציבוריים,744,בטיחות בדרכים,7440,#N/A,,7,הוצאות לפעולות,74,"כלים, מכשירים וציוד",740,#N/A
780,744000 ,1 ,1744000.780,פעולות הסברה לנוער,,,"1,000",,,#NAME?,7,שירותים מקומיים,74,נכסים ציבוריים,744,בטיחות בדרכים,7440,#N/A,,7,הוצאות לפעולות,78,הוצאות שונות,780,#N/A
830,745000 ,1 ,1745000.830,אגרת ניקוז,,,"65,000",,,#NAME?,7,שירותים מקומיים,74,נכסים ציבוריים,745,תיעול וניקוז,7450,#N/A,,8,השתתפויות תמיכות ותרומות,83,#N/A,830,#N/A
110,746000 ,1 ,1746000.110,שכר ונלוות - מח' גנון,,,"1,696,000",,,,7,שירותים מקומיים,74,נכסים ציבוריים,746,גנים ונטיעות,7460,#N/A,,1,"משכורות וש""ע לעובדים לפי תקן",11,השכר הקובע,110,#N/A
120,746000 ,1 ,1746000.120,"שכ""ע-גינון תוספות לשכר",,,"212,000",,,#NAME?,7,שירותים מקומיים,74,נכסים ציבוריים,746,גנים ונטיעות,7460,#N/A,,1,"משכורות וש""ע לעובדים לפי תקן",12,תוספות שאינן נכללות בשכר הקובע,120,#N/A
130,746000 ,1 ,1746000.130,"שכ""ע-גינון ש. נוספות",,,"47,000",,,#NAME?,7,שירותים מקומיים,74,נכסים ציבוריים,746,גנים ונטיעות,7460,#N/A,,1,"משכורות וש""ע לעובדים לפי תקן",13,שעות נוספות,130,#N/A
140,746000 ,1 ,1746000.140,"שכ""ע-גינון החזרי הוצאות",,,"93,000",,,#NAME?,7,שירותים מקומיים,74,נכסים ציבוריים,746,גנים ונטיעות,7460,#N/A,,1,"משכורות וש""ע לעובדים לפי תקן",14,החזר הוצאות,140,#N/A
181,746000 ,1 ,1746000.181,"שכ""ע-גינון ה.סוציאליות",,,"294,000",,,#NAME?,7,שירותים מקומיים,74,נכסים ציבוריים,746,גנים ונטיעות,7460,#N/A,,1,"משכורות וש""ע לעובדים לפי תקן",18,נלוות לשכר,181,הפרשות סוציאליות
182,746000 ,1 ,1746000.182,"שכ""ע-גינון מיסים",,,"249,000",,,#NAME?,7,שירותים מקומיים,74,נכסים ציבוריים,746,גנים ונטיעות,7460,#N/A,,1,"משכורות וש""ע לעובדים לפי תקן",18,נלוות לשכר,182,מיסיום ועלויות
420,746000 ,1 ,1746000.420,תקונים,,,"5,000",,,#NAME?,7,שירותים מקומיים,74,נכסים ציבוריים,746,גנים ונטיעות,7460,#N/A,,4,אחזקת בינים ואספקת ציוד,42,תחזוקת מבנים,420,#N/A
432,746000 ,1 ,1746000.432,מים-צריכה עצמית,,,"820,000",,,#NAME?,7,שירותים מקומיים,74,נכסים ציבוריים,746,גנים ונטיעות,7460,#N/A,,4,אחזקת בינים ואספקת ציוד,43,"חשמל, מים וחומרי ניקיון",432,מים
530,746000 ,1 ,1746000.530,אחזקת רכבי וכלי המחלקה,,,"240,000",,,#NAME?,7,שירותים מקומיים,74,נכסים ציבוריים,746,גנים ונטיעות,7460,#N/A,,5,הוצאות מנהליות,53,הוצאות רכב מינהלי,530,#N/A
536,746000 ,1 ,1746000.536,אחזקת רכב מ.4625216 קאדי,,,"43,000",,,#NAME?,7,שירותים מקומיים,74,נכסים ציבוריים,746,גנים ונטיעות,7460,#N/A,,5,הוצאות מנהליות,53,הוצאות רכב מינהלי,536,#N/A
720,746000 ,1 ,1746000.720,ציוד חמרים,,,"85,000",,,#NAME?,7,שירותים מקומיים,74,נכסים ציבוריים,746,גנים ונטיעות,7460,#N/A,,7,הוצאות לפעולות,72,חומרים,720,#N/A
722,746000 ,1 ,1746000.722,פרויקטים - ועדת חזות,,,"2,000",,,#NAME?,7,שירותים מקומיים,74,נכסים ציבוריים,746,גנים ונטיעות,7460,#N/A,,7,הוצאות לפעולות,72,חומרים,722,#N/A
740,746000 ,1 ,1746000.740,ציוד כלים מכשירים,,,"56,000",,,#NAME?,7,שירותים מקומיים,74,נכסים ציבוריים,746,גנים ונטיעות,7460,#N/A,,7,הוצאות לפעולות,74,"כלים, מכשירים וציוד",740,#N/A
750,746000 ,1 ,1746000.750,עבודות    קבלניות,,,"350,000",,,#NAME?,7,שירותים מקומיים,74,נכסים ציבוריים,746,גנים ונטיעות,7460,#N/A,,7,הוצאות לפעולות,75,עבודות קבלניות,750,#N/A
760,746000 ,1 ,1746000.760,גנים ונטיעות חשמל,,,"70,000",,,#NAME?,7,שירותים מקומיים,74,נכסים ציבוריים,746,גנים ונטיעות,7460,#N/A,,7,הוצאות לפעולות,76,קניית שירותים מרשויות ומוסדות,760,#N/A
110,748000 ,1 ,1748000.110,בית העלמין,,,"29,000",,,#NAME?,7,שירותים מקומיים,74,נכסים ציבוריים,748,בתי עלמין,7480,#N/A,,1,"משכורות וש""ע לעובדים לפי תקן",11,השכר הקובע,110,#N/A
120,748000 ,1 ,1748000.120,תוספות לשכר,,,"3,000",,,#NAME?,7,שירותים מקומיים,74,נכסים ציבוריים,748,בתי עלמין,7480,#N/A,,1,"משכורות וש""ע לעובדים לפי תקן",12,תוספות שאינן נכללות בשכר הקובע,120,#N/A
140,748000 ,1 ,1748000.140,החזר הוצאות,,,"10,000",,,#NAME?,7,שירותים מקומיים,74,נכסים ציבוריים,748,בתי עלמין,7480,#N/A,,1,"משכורות וש""ע לעובדים לפי תקן",14,החזר הוצאות,140,#N/A
181,748000 ,1 ,1748000.181,ניכויים סוציאלים,,,"7,000",,,#NAME?,7,שירותים מקומיים,74,נכסים ציבוריים,748,בתי עלמין,7480,#N/A,,1,"משכורות וש""ע לעובדים לפי תקן",18,נלוות לשכר,181,הפרשות סוציאליות
182,748000 ,1 ,1748000.182,מיסים,,,"7,000",,,#NAME?,7,שירותים מקומיים,74,נכסים ציבוריים,748,בתי עלמין,7480,#N/A,,1,"משכורות וש""ע לעובדים לפי תקן",18,נלוות לשכר,182,מיסיום ועלויות
750,748000 ,1 ,1748000.750,הוצאות בית העלמין,,,"100,000",,,,7,שירותים מקומיים,74,נכסים ציבוריים,748,בתי עלמין,7480,#N/A,,7,הוצאות לפעולות,75,עבודות קבלניות,750,#N/A
510,751000 ,1 ,1751000.510,חגיגות יום העצמאות כיבוד,,,"1,000",,,#NAME?,7,שירותים מקומיים,75,חגיגות מבצעים ואירועים,751,חגיגות יום העצמאות,7510,#N/A,,5,הוצאות מנהליות,51,"אש""ל וכיבודים",510,#N/A
720,751000 ,1 ,1751000.720,חמרים,,,"17,000",,,#NAME?,7,שירותים מקומיים,75,חגיגות מבצעים ואירועים,751,חגיגות יום העצמאות,7510,#N/A,,7,הוצאות לפעולות,72,חומרים,720,#N/A
750,751000 ,1 ,1751000.750,עבודות קבלניות,,,"242,000",,,#NAME?,7,שירותים מקומיים,75,חגיגות מבצעים ואירועים,751,חגיגות יום העצמאות,7510,#N/A,,7,הוצאות לפעולות,75,עבודות קבלניות,750,#N/A
780,751000 ,1 ,1751000.780,הוצאות אחרות,,,"6,000",,,#NAME?,7,שירותים מקומיים,75,חגיגות מבצעים ואירועים,751,חגיגות יום העצמאות,7510,#N/A,,7,הוצאות לפעולות,78,הוצאות שונות,780,#N/A
720,752000 ,1 ,1752000.720,טכסים - ציוד וחמרים,,,"4,000",,,#NAME?,7,שירותים מקומיים,75,חגיגות מבצעים ואירועים,752,חגיגות וטכסים אחרים,7520,#N/A,,7,הוצאות לפעולות,72,חומרים,720,#N/A
750,752000 ,1 ,1752000.750,עבודות קבלניות - טכסים,,,"15,000",,,#NAME?,7,שירותים מקומיים,75,חגיגות מבצעים ואירועים,752,חגיגות וטכסים אחרים,7520,#N/A,,7,הוצאות לפעולות,75,עבודות קבלניות,750,#N/A
780,752000 ,1 ,1752000.780,הוצאות אחרות - טכסים,,,"9,000",,,#NAME?,7,שירותים מקומיים,75,חגיגות מבצעים ואירועים,752,חגיגות וטכסים אחרים,7520,#N/A,,7,הוצאות לפעולות,78,הוצאות שונות,780,#N/A
513,756000 ,1 ,1756000.513,"כנסים ואירועים בנל""מ",,,"25,000",,,#NAME?,7,שירותים מקומיים,75,חגיגות מבצעים ואירועים,756,כנסים ואירועים בינלאומיים,7560,#N/A,,5,הוצאות מנהליות,51,"אש""ל וכיבודים",513,"נסיעות לחו""ל"
870,761000 ,1 ,1761000.870,"ד""ח מרכז שלטון מקומי",,,"28,000",,,#NAME?,7,שירותים מקומיים,76,שירותים עירוניים שונים,761,מוקד עירוני,7610,#N/A,,8,השתתפויות תמיכות ותרומות,87,תמיכות ביחידות סמך ומוסדות הרשות,870,#N/A
780,791000 ,1 ,1791000.780,מינהל שרותים חקלא הוצ אחר,,,"8,000",,,#NAME?,7,שירותים מקומיים,79,שירותים חקלאיים,791,מינהל שירותים חקלאים,7910,#N/A,,7,הוצאות לפעולות,78,הוצאות שונות,780,#N/A
110,811000 ,1 ,1811000.110,שכר ונלוות - מח' חנוך,,,"285,000",,,#NAME?,8,שירותים ממלכתיים,81,חינוך,811,מינהל החינוך,8110,#N/A,,1,"משכורות וש""ע לעובדים לפי תקן",11,השכר הקובע,110,#N/A
120,811000 ,1 ,1811000.120,"שכ""ע-מח חינוך תוספות לשכר",,,"17,000",,,#NAME?,8,שירותים ממלכתיים,81,חינוך,811,מינהל החינוך,8110,#N/A,,1,"משכורות וש""ע לעובדים לפי תקן",12,תוספות שאינן נכללות בשכר הקובע,120,#N/A
130,811000 ,1 ,1811000.130,"שכ""ע-מח חינוך ש. נוספות",,,"1,000",,,#NAME?,8,שירותים ממלכתיים,81,חינוך,811,מינהל החינוך,8110,#N/A,,1,"משכורות וש""ע לעובדים לפי תקן",13,שעות נוספות,130,#N/A
140,811000 ,1 ,1811000.140,"שכ""ע-מח חינוך החזרי הוצאו",,,"2,000",,,#NAME?,8,שירותים ממלכתיים,81,חינוך,811,מינהל החינוך,8110,#N/A,,1,"משכורות וש""ע לעובדים לפי תקן",14,החזר הוצאות,140,#N/A
181,811000 ,1 ,1811000.181,"שכ""ע-מח חינוך ה.סוציאליות",,,"67,000",,,#NAME?,8,שירותים ממלכתיים,81,חינוך,811,מינהל החינוך,8110,#N/A,,1,"משכורות וש""ע לעובדים לפי תקן",18,נלוות לשכר,181,הפרשות סוציאליות
182,811000 ,1 ,1811000.182,"שכ""ע-מח חינוך מיסים",,,"46,000",,,#NAME?,8,שירותים ממלכתיים,81,חינוך,811,מינהל החינוך,8110,#N/A,,1,"משכורות וש""ע לעובדים לפי תקן",18,נלוות לשכר,182,מיסיום ועלויות
420,811000 ,1 ,1811000.420,שיפוצים במ. חינוך,,,"111,000",,,#NAME?,8,שירותים ממלכתיים,81,חינוך,811,מינהל החינוך,8110,#N/A,,4,אחזקת בינים ואספקת ציוד,42,תחזוקת מבנים,420,#N/A
530,811000 ,1 ,1811000.530,רכב סקודה -8857838 קיה מ11.8,,,"50,000",,,#NAME?,8,שירותים ממלכתיים,81,חינוך,811,מינהל החינוך,8110,#N/A,,5,הוצאות מנהליות,53,הוצאות רכב מינהלי,530,#N/A
570,811000 ,1 ,1811000.570,מינהל החינוך -אוטומציה,,,"30,000",,,#NAME?,8,שירותים ממלכתיים,81,חינוך,811,מינהל החינוך,8110,#N/A,,5,הוצאות מנהליות,57,מיכון ועיבוד נתונים,570,#N/A
720,811000 ,1 ,1811000.720,חומרים וספרים לבוגרים,,,"27,000",,,#NAME?,8,שירותים ממלכתיים,81,חינוך,811,מינהל החינוך,8110,#N/A,,7,הוצאות לפעולות,72,חומרים,720,#N/A
871,811000 ,1 ,1811000.871,יוזמות חינוכיות,,,"150,000",,,#NAME?,8,שירותים ממלכתיים,81,חינוך,811,מינהל החינוך,8110,#N/A,,8,השתתפויות תמיכות ותרומות,87,תמיכות ביחידות סמך ומוסדות הרשות,871,#N/A
872,811000 ,1 ,1811000.872,הקצבת תלמידים,,,"10,000",,,#NAME?,8,שירותים ממלכתיים,81,חינוך,811,מינהל החינוך,8110,#N/A,,8,השתתפויות תמיכות ותרומות,87,תמיכות ביחידות סמך ומוסדות הרשות,872,#N/A
110,812200 ,1 ,1812200.110,שכר ונלוות - גני חובה,,,"1,818,000",,,#NAME?,8,שירותים ממלכתיים,81,חינוך,812,חינוך קדם יסודי,8122,גני ילדים גיל חובה,,1,"משכורות וש""ע לעובדים לפי תקן",11,השכר הקובע,110,#N/A
120,812200 ,1 ,1812200.120,"שכ""ע-גני חובה תוספות לשכר",,,"182,000",,,#NAME?,8,שירותים ממלכתיים,81,חינוך,812,חינוך קדם יסודי,8122,גני ילדים גיל חובה,,1,"משכורות וש""ע לעובדים לפי תקן",12,תוספות שאינן נכללות בשכר הקובע,120,#N/A
130,812200 ,1 ,1812200.130,"שכ""ע שעות נוספות",,,"54,000",,,#NAME?,8,שירותים ממלכתיים,81,חינוך,812,חינוך קדם יסודי,8122,גני ילדים גיל חובה,,1,"משכורות וש""ע לעובדים לפי תקן",13,שעות נוספות,130,#N/A
140,812200 ,1 ,1812200.140,"שכ""ע-גני חובה החזרי הוצאו",,,"121,000",,,#NAME?,8,שירותים ממלכתיים,81,חינוך,812,חינוך קדם יסודי,8122,גני ילדים גיל חובה,,1,"משכורות וש""ע לעובדים לפי תקן",14,החזר הוצאות,140,#N/A
181,812200 ,1 ,1812200.181,"שכ""ע-גני חובה ה.סוציאליות",,,"350,000",,,#NAME?,8,שירותים ממלכתיים,81,חינוך,812,חינוך קדם יסודי,8122,גני ילדים גיל חובה,,1,"משכורות וש""ע לעובדים לפי תקן",18,נלוות לשכר,181,הפרשות סוציאליות
182,812200 ,1 ,1812200.182,"שכ""ע-גני חובה מיסים",,,"245,000",,,#NAME?,8,שירותים ממלכתיים,81,חינוך,812,חינוך קדם יסודי,8122,גני ילדים גיל חובה,,1,"משכורות וש""ע לעובדים לפי תקן",18,נלוות לשכר,182,מיסיום ועלויות
431,812200 ,1 ,1812200.431,תשלומי חב' חשמל,,,"150,000",,,#NAME?,8,שירותים ממלכתיים,81,חינוך,812,חינוך קדם יסודי,8122,גני ילדים גיל חובה,,4,אחזקת בינים ואספקת ציוד,43,"חשמל, מים וחומרי ניקיון",431,חשמל
720,812200 ,1 ,1812200.720,הקצבות לגננות,,,"90,000",,,#NAME?,8,שירותים ממלכתיים,81,חינוך,812,חינוך קדם יסודי,8122,גני ילדים גיל חובה,,7,הוצאות לפעולות,72,חומרים,720,#N/A
740,812200 ,1 ,1812200.740,ציוד כלים מכשירים,,,"70,000",,,#NAME?,8,שירותים ממלכתיים,81,חינוך,812,חינוך קדם יסודי,8122,גני ילדים גיל חובה,,7,הוצאות לפעולות,74,"כלים, מכשירים וציוד",740,#N/A
780,812200 ,1 ,1812200.780,גני ילדים חובה הוצאות,,,"53,000",,,#NAME?,8,שירותים ממלכתיים,81,חינוך,812,חינוך קדם יסודי,8122,גני ילדים גיל חובה,,7,הוצאות לפעולות,78,הוצאות שונות,780,#N/A
930,812200 ,1 ,1812200.930,רכישת ציוד יסודי,,,"46,000",,,#NAME?,8,שירותים ממלכתיים,81,חינוך,812,חינוך קדם יסודי,8122,גני ילדים גיל חובה,,9,הוצאות חד פעמיות,93,רכישת ציוד יסודי,930,#N/A
110,812300 ,1 ,1812300.110,שכר ונלוות - סייעות,,,"700,000",,,,8,שירותים ממלכתיים,81,חינוך,812,חינוך קדם יסודי,8123,גני ילדים טרום חובה,,1,"משכורות וש""ע לעובדים לפי תקן",11,השכר הקובע,110,#N/A
120,812300 ,1 ,1812300.120,"שכ""ע-סייעות תוספות",,,"65,000",,,#NAME?,8,שירותים ממלכתיים,81,חינוך,812,חינוך קדם יסודי,8123,גני ילדים טרום חובה,,1,"משכורות וש""ע לעובדים לפי תקן",12,תוספות שאינן נכללות בשכר הקובע,120,#N/A
130,812300 ,1 ,1812300.130,"שכ""ע שעות נוספות-סייעות",,,"25,000",,,#NAME?,8,שירותים ממלכתיים,81,חינוך,812,חינוך קדם יסודי,8123,גני ילדים טרום חובה,,1,"משכורות וש""ע לעובדים לפי תקן",13,שעות נוספות,130,#N/A
140,812300 ,1 ,1812300.140,"שכ""ע-סייעות החזרי הוצ",,,"70,000",,,#NAME?,8,שירותים ממלכתיים,81,חינוך,812,חינוך קדם יסודי,8123,גני ילדים טרום חובה,,1,"משכורות וש""ע לעובדים לפי תקן",14,החזר הוצאות,140,#N/A
181,812300 ,1 ,1812300.181,"שכ""ע-סייעות ה.סוציאליות",,,"125,000",,,#NAME?,8,שירותים ממלכתיים,81,חינוך,812,חינוך קדם יסודי,8123,גני ילדים טרום חובה,,1,"משכורות וש""ע לעובדים לפי תקן",18,נלוות לשכר,181,הפרשות סוציאליות
182,812300 ,1 ,1812300.182,"שכ""ע-סייעות מיסים",,,"92,000",,,#NAME?,8,שירותים ממלכתיים,81,חינוך,812,חינוך קדם יסודי,8123,גני ילדים טרום חובה,,1,"משכורות וש""ע לעובדים לפי תקן",18,נלוות לשכר,182,מיסיום ועלויות
980,812300 ,1 ,1812300.980,גני ילדים,,,"1,900,000",,,#NAME?,8,שירותים ממלכתיים,81,חינוך,812,חינוך קדם יסודי,8123,גני ילדים טרום חובה,,9,הוצאות חד פעמיות,98,הוצאות אחרות,980,#N/A
110,812400 ,1 ,1812400.110,"שכ""ע קובע",,,"1,110,000",,,#NAME?,8,שירותים ממלכתיים,81,חינוך,812,חינוך קדם יסודי,8124,מעונות ופעוטונים,,1,"משכורות וש""ע לעובדים לפי תקן",11,השכר הקובע,110,#N/A
120,812400 ,1 ,1812400.120,"שכ""ע -תוספות",,,"116,000",,,,8,שירותים ממלכתיים,81,חינוך,812,חינוך קדם יסודי,8124,מעונות ופעוטונים,,1,"משכורות וש""ע לעובדים לפי תקן",12,תוספות שאינן נכללות בשכר הקובע,120,#N/A
130,812400 ,1 ,1812400.130,"שכ""ע שעות נוספות",,,"25,000",,,#NAME?,8,שירותים ממלכתיים,81,חינוך,812,חינוך קדם יסודי,8124,מעונות ופעוטונים,,1,"משכורות וש""ע לעובדים לפי תקן",13,שעות נוספות,130,#N/A
140,812400 ,1 ,1812400.140,"שכ""ע -החזר הוצאות",,,"75,000",,,,8,שירותים ממלכתיים,81,חינוך,812,חינוך קדם יסודי,8124,מעונות ופעוטונים,,1,"משכורות וש""ע לעובדים לפי תקן",14,החזר הוצאות,140,#N/A
181,812400 ,1 ,1812400.181,"שכ""ע- סוציאליות",,,"245,000",,,#NAME?,8,שירותים ממלכתיים,81,חינוך,812,חינוך קדם יסודי,8124,מעונות ופעוטונים,,1,"משכורות וש""ע לעובדים לפי תקן",18,נלוות לשכר,181,הפרשות סוציאליות
182,812400 ,1 ,1812400.182,"שכ""ע-מיסים",,,"155,000",,,#NAME?,8,שירותים ממלכתיים,81,חינוך,812,חינוך קדם יסודי,8124,מעונות ופעוטונים,,1,"משכורות וש""ע לעובדים לפי תקן",18,נלוות לשכר,182,מיסיום ועלויות
780,812400 ,1 ,1812400.780,הוצאות כלליות,,,"405,000",,,#NAME?,8,שירותים ממלכתיים,81,חינוך,812,חינוך קדם יסודי,8124,מעונות ופעוטונים,,7,הוצאות לפעולות,78,הוצאות שונות,780,#N/A
110,812410 ,1 ,1812410.110,שכר ונלוות,,,"830,000",,,#NAME?,8,שירותים ממלכתיים,81,חינוך,812,חינוך קדם יסודי,8124,מעונות ופעוטונים,,1,"משכורות וש""ע לעובדים לפי תקן",11,השכר הקובע,110,#N/A
120,812410 ,1 ,1812410.120,"שכ""ע תוספות",,,"112,000",,,#NAME?,8,שירותים ממלכתיים,81,חינוך,812,חינוך קדם יסודי,8124,מעונות ופעוטונים,,1,"משכורות וש""ע לעובדים לפי תקן",12,תוספות שאינן נכללות בשכר הקובע,120,#N/A
130,812410 ,1 ,1812410.130,"שכ""ע שעות נוספות",,,"30,000",,,#NAME?,8,שירותים ממלכתיים,81,חינוך,812,חינוך קדם יסודי,8124,מעונות ופעוטונים,,1,"משכורות וש""ע לעובדים לפי תקן",13,שעות נוספות,130,#N/A
140,812410 ,1 ,1812410.140,"שכ""ע החזר הוצאות",,,"56,000",,,#NAME?,8,שירותים ממלכתיים,81,חינוך,812,חינוך קדם יסודי,8124,מעונות ופעוטונים,,1,"משכורות וש""ע לעובדים לפי תקן",14,החזר הוצאות,140,#N/A
181,812410 ,1 ,1812410.181,"שכ""ע סוציאליות",,,"156,000",,,#NAME?,8,שירותים ממלכתיים,81,חינוך,812,חינוך קדם יסודי,8124,מעונות ופעוטונים,,1,"משכורות וש""ע לעובדים לפי תקן",18,נלוות לשכר,181,הפרשות סוציאליות
182,812410 ,1 ,1812410.182,"שכ""ע מיסים",,,"136,000",,,#NAME?,8,שירותים ממלכתיים,81,חינוך,812,חינוך קדם יסודי,8124,מעונות ופעוטונים,,1,"משכורות וש""ע לעובדים לפי תקן",18,נלוות לשכר,182,מיסיום ועלויות
780,812410 ,1 ,1812410.780,הוצאות תינוקיה,,,"285,000",,,,8,שירותים ממלכתיים,81,חינוך,812,חינוך קדם יסודי,8124,מעונות ופעוטונים,,7,הוצאות לפעולות,78,הוצאות שונות,780,#N/A
110,813200 ,1 ,1813200.110,"שכ""ע כולל -תל""ן",,,"135,000",,,#NAME?,8,שירותים ממלכתיים,81,חינוך,813,חינוך יסודי,8132,בתי״ס יסודיים,,1,"משכורות וש""ע לעובדים לפי תקן",11,השכר הקובע,110,#N/A
120,813200 ,1 ,1813200.120,"בי""ס תוספות שאינן בשכר",,,"8,000",,,#NAME?,8,שירותים ממלכתיים,81,חינוך,813,חינוך יסודי,8132,בתי״ס יסודיים,,1,"משכורות וש""ע לעובדים לפי תקן",12,תוספות שאינן נכללות בשכר הקובע,120,#N/A
140,813200 ,1 ,1813200.140,"שכ""ע -תל""ן",,,"12,000",,,#NAME?,8,שירותים ממלכתיים,81,חינוך,813,חינוך יסודי,8132,בתי״ס יסודיים,,1,"משכורות וש""ע לעובדים לפי תקן",14,החזר הוצאות,140,#N/A
181,813200 ,1 ,1813200.181,ת.סוציאליות,,,"29,000",,,#NAME?,8,שירותים ממלכתיים,81,חינוך,813,חינוך יסודי,8132,בתי״ס יסודיים,,1,"משכורות וש""ע לעובדים לפי תקן",18,נלוות לשכר,181,הפרשות סוציאליות
182,813200 ,1 ,1813200.182,"בי""ס מיסים",,,"19,000",,,#NAME?,8,שירותים ממלכתיים,81,חינוך,813,חינוך יסודי,8132,בתי״ס יסודיים,,1,"משכורות וש""ע לעובדים לפי תקן",18,נלוות לשכר,182,מיסיום ועלויות
740,813200 ,1 ,1813200.740,מחשבים שרות וביטוח,,,"45,000",,,#NAME?,8,שירותים ממלכתיים,81,חינוך,813,חינוך יסודי,8132,בתי״ס יסודיים,,7,הוצאות לפעולות,74,"כלים, מכשירים וציוד",740,#N/A
760,813200 ,1 ,1813200.760,שכר לימוד  ילדי חוץ,,,"128,000",,,#NAME?,8,שירותים ממלכתיים,81,חינוך,813,חינוך יסודי,8132,בתי״ס יסודיים,,7,הוצאות לפעולות,76,קניית שירותים מרשויות ומוסדות,760,#N/A
930,813200 ,1 ,1813200.930,רכישת ציוד יסודי,,,"57,000",,,#NAME?,8,שירותים ממלכתיים,81,חינוך,813,חינוך יסודי,8132,בתי״ס יסודיים,,9,הוצאות חד פעמיות,93,רכישת ציוד יסודי,930,#N/A
110,813210 ,1 ,1813210.110,"שכר ונלוות - ביה""ס עומרים",,,"193,000",,,#NAME?,8,שירותים ממלכתיים,81,חינוך,813,חינוך יסודי,8132,בתי״ס יסודיים,,1,"משכורות וש""ע לעובדים לפי תקן",11,השכר הקובע,110,#N/A
120,813210 ,1 ,1813210.120,"שכ""ע-עומרים תוספות בשכר",,,"32,000",,,#NAME?,8,שירותים ממלכתיים,81,חינוך,813,חינוך יסודי,8132,בתי״ס יסודיים,,1,"משכורות וש""ע לעובדים לפי תקן",12,תוספות שאינן נכללות בשכר הקובע,120,#N/A
130,813210 ,1 ,1813210.130,"שכ""ע-עומרים ש.נוספות",,,"5,000",,,#NAME?,8,שירותים ממלכתיים,81,חינוך,813,חינוך יסודי,8132,בתי״ס יסודיים,,1,"משכורות וש""ע לעובדים לפי תקן",13,שעות נוספות,130,#N/A
140,813210 ,1 ,1813210.140,"שכ""ע-עומרים החזרי הוצאות",,,"25,000",,,#NAME?,8,שירותים ממלכתיים,81,חינוך,813,חינוך יסודי,8132,בתי״ס יסודיים,,1,"משכורות וש""ע לעובדים לפי תקן",14,החזר הוצאות,140,#N/A
181,813210 ,1 ,1813210.181,"שכ""ע-עומרים ה.סוציאליות",,,"31,000",,,#NAME?,8,שירותים ממלכתיים,81,חינוך,813,חינוך יסודי,8132,בתי״ס יסודיים,,1,"משכורות וש""ע לעובדים לפי תקן",18,נלוות לשכר,181,הפרשות סוציאליות
182,813210 ,1 ,1813210.182,"שכ""ע-עומרים מיסים",,,"31,000",,,#NAME?,8,שירותים ממלכתיים,81,חינוך,813,חינוך יסודי,8132,בתי״ס יסודיים,,1,"משכורות וש""ע לעובדים לפי תקן",18,נלוות לשכר,182,מיסיום ועלויות
720,813210 ,1 ,1813210.720,חומרים,,,"5,000",,,#NAME?,8,שירותים ממלכתיים,81,חינוך,813,חינוך יסודי,8132,בתי״ס יסודיים,,7,הוצאות לפעולות,72,חומרים,720,#N/A
740,813210 ,1 ,1813210.740,"כלים ,מכשירים וציוד",,,"30,000",,,#NAME?,8,שירותים ממלכתיים,81,חינוך,813,חינוך יסודי,8132,בתי״ס יסודיים,,7,הוצאות לפעולות,74,"כלים, מכשירים וציוד",740,#N/A
750,813210 ,1 ,1813210.750,עב' קבלניות - נקיון,,,"375,000",,,#NAME?,8,שירותים ממלכתיים,81,חינוך,813,חינוך יסודי,8132,בתי״ס יסודיים,,7,הוצאות לפעולות,75,עבודות קבלניות,750,#N/A
870,813210 ,1 ,1813210.870,"בי""ס עומרים הקצבת מועצה",,,"488,000",,,#NAME?,8,שירותים ממלכתיים,81,חינוך,813,חינוך יסודי,8132,בתי״ס יסודיים,,8,השתתפויות תמיכות ותרומות,87,תמיכות ביחידות סמך ומוסדות הרשות,870,#N/A
871,813210 ,1 ,1813210.871,יוזמות חינוכיות,,,"30,000",,,#NAME?,8,שירותים ממלכתיים,81,חינוך,813,חינוך יסודי,8132,בתי״ס יסודיים,,8,השתתפויות תמיכות ותרומות,87,תמיכות ביחידות סמך ומוסדות הרשות,871,#N/A
110,815700 ,1 ,1815700.110,"שכר ונלוות - ביה""ס תיכון",,,"4,938,000",,,#NAME?,8,שירותים ממלכתיים,81,חינוך,815,חינוך על יסודי,8157,בתי״ס על יסודיים מקיפים,,1,"משכורות וש""ע לעובדים לפי תקן",11,השכר הקובע,110,#N/A
120,815700 ,1 ,1815700.120,"שכ""ע ביהס תיכון -תוספות",,,"328,000",,,#NAME?,8,שירותים ממלכתיים,81,חינוך,815,חינוך על יסודי,8157,בתי״ס על יסודיים מקיפים,,1,"משכורות וש""ע לעובדים לפי תקן",12,תוספות שאינן נכללות בשכר הקובע,120,#N/A
140,815700 ,1 ,1815700.140,"שכ""ע ביה""ס תיכון החזר הוצ",,,"238,000",,,#NAME?,8,שירותים ממלכתיים,81,חינוך,815,חינוך על יסודי,8157,בתי״ס על יסודיים מקיפים,,1,"משכורות וש""ע לעובדים לפי תקן",14,החזר הוצאות,140,#N/A
181,815700 ,1 ,1815700.181,"שכ""ע ביה""ס תיכון ה.סוציאל",,,"1,143,000",,,#NAME?,8,שירותים ממלכתיים,81,חינוך,815,חינוך על יסודי,8157,בתי״ס על יסודיים מקיפים,,1,"משכורות וש""ע לעובדים לפי תקן",18,נלוות לשכר,181,הפרשות סוציאליות
182,815700 ,1 ,1815700.182,"שכ""ע ביה""ס תיכון מיסים",,,"708,000",,,#NAME?,8,שירותים ממלכתיים,81,חינוך,815,חינוך על יסודי,8157,בתי״ס על יסודיים מקיפים,,1,"משכורות וש""ע לעובדים לפי תקן",18,נלוות לשכר,182,מיסיום ועלויות
431,815700 ,1 ,1815700.431,חשמל,,,"460,000",,,#NAME?,8,שירותים ממלכתיים,81,חינוך,815,חינוך על יסודי,8157,בתי״ס על יסודיים מקיפים,,4,אחזקת בינים ואספקת ציוד,43,"חשמל, מים וחומרי ניקיון",431,חשמל
720,815700 ,1 ,1815700.720,"חומרים בי""ס תיכון",,,"100,000",,,#NAME?,8,שירותים ממלכתיים,81,חינוך,815,חינוך על יסודי,8157,בתי״ס על יסודיים מקיפים,,7,הוצאות לפעולות,72,חומרים,720,#N/A
750,815700 ,1 ,1815700.750,עב' קבלניות (נקיון),,,"715,000",,,#NAME?,8,שירותים ממלכתיים,81,חינוך,815,חינוך על יסודי,8157,בתי״ס על יסודיים מקיפים,,7,הוצאות לפעולות,75,עבודות קבלניות,750,#N/A
751,815700 ,1 ,1815700.751,שאילת מורים איחוד,,,"2,440,000",,,#NAME?,8,שירותים ממלכתיים,81,חינוך,815,חינוך על יסודי,8157,בתי״ס על יסודיים מקיפים,,7,הוצאות לפעולות,75,עבודות קבלניות,751,#N/A
760,815700 ,1 ,1815700.760,הפעלה כוללת של התיכון,,,"140,000",,,#NAME?,8,שירותים ממלכתיים,81,חינוך,815,חינוך על יסודי,8157,בתי״ס על יסודיים מקיפים,,7,הוצאות לפעולות,76,קניית שירותים מרשויות ומוסדות,760,#N/A
870,815700 ,1 ,1815700.870,הקצבה לפעילות שוטפת,,,"240,000",,,#NAME?,8,שירותים ממלכתיים,81,חינוך,815,חינוך על יסודי,8157,בתי״ס על יסודיים מקיפים,,8,השתתפויות תמיכות ותרומות,87,תמיכות ביחידות סמך ומוסדות הרשות,870,#N/A
930,815700 ,1 ,1815700.930,ציוד יסודי,,,"150,000",,,#NAME?,8,שירותים ממלכתיים,81,חינוך,815,חינוך על יסודי,8157,בתי״ס על יסודיים מקיפים,,9,הוצאות חד פעמיות,93,רכישת ציוד יסודי,930,#N/A
110,815710 ,1 ,1815710.110,שכר ונלוות-תיכון מנהלה,,,"1,020,000",,,#NAME?,8,שירותים ממלכתיים,81,חינוך,815,חינוך על יסודי,8157,בתי״ס על יסודיים מקיפים,,1,"משכורות וש""ע לעובדים לפי תקן",11,השכר הקובע,110,#N/A
120,815710 ,1 ,1815710.120,"שכ""ע תוספות-תיכון מנהלה",,,"175,000",,,#NAME?,8,שירותים ממלכתיים,81,חינוך,815,חינוך על יסודי,8157,בתי״ס על יסודיים מקיפים,,1,"משכורות וש""ע לעובדים לפי תקן",12,תוספות שאינן נכללות בשכר הקובע,120,#N/A
130,815710 ,1 ,1815710.130,"שכ""ע ש.נוספות-תיכון מנהלה",,,"21,000",,,#NAME?,8,שירותים ממלכתיים,81,חינוך,815,חינוך על יסודי,8157,בתי״ס על יסודיים מקיפים,,1,"משכורות וש""ע לעובדים לפי תקן",13,שעות נוספות,130,#N/A
140,815710 ,1 ,1815710.140,"שכ""ע החזר הוצ'-תיכון מנהל",,,"150,000",,,#NAME?,8,שירותים ממלכתיים,81,חינוך,815,חינוך על יסודי,8157,בתי״ס על יסודיים מקיפים,,1,"משכורות וש""ע לעובדים לפי תקן",14,החזר הוצאות,140,#N/A
181,815710 ,1 ,1815710.181,"שכ""ע ה.סוצ'-תיכון מנהלה",,,"191,000",,,#NAME?,8,שירותים ממלכתיים,81,חינוך,815,חינוך על יסודי,8157,בתי״ס על יסודיים מקיפים,,1,"משכורות וש""ע לעובדים לפי תקן",18,נלוות לשכר,181,הפרשות סוציאליות
182,815710 ,1 ,1815710.182,"שכ""ע מיסים-תיכון מנהלה",,,"158,000",,,#NAME?,8,שירותים ממלכתיים,81,חינוך,815,חינוך על יסודי,8157,בתי״ס על יסודיים מקיפים,,1,"משכורות וש""ע לעובדים לפי תקן",18,נלוות לשכר,182,מיסיום ועלויות
750,817100 ,1 ,1817100.750,אבטחת מוסדות חנוך,,,"393,000",,,#NAME?,8,שירותים ממלכתיים,81,חינוך,817,שירותים נוספים לבתי״ס וגנ״י,8171,קב״ט שמירח ובטחון מוסדות חינוך,,7,הוצאות לפעולות,75,עבודות קבלניות,750,#N/A
110,817300 ,1 ,1817300.110,שרות פסיכולוגי חינוכי השכ,,,"325,000",,,#NAME?,8,שירותים ממלכתיים,81,חינוך,817,שירותים נוספים לבתי״ס וגנ״י,8173,שרות פסיכולוגי חינוכי,,1,"משכורות וש""ע לעובדים לפי תקן",11,השכר הקובע,110,#N/A
120,817300 ,1 ,1817300.120,שרות פסיכולוגי תוס שאינן,,,"121,000",,,#NAME?,8,שירותים ממלכתיים,81,חינוך,817,שירותים נוספים לבתי״ס וגנ״י,8173,שרות פסיכולוגי חינוכי,,1,"משכורות וש""ע לעובדים לפי תקן",12,תוספות שאינן נכללות בשכר הקובע,120,#N/A
130,817300 ,1 ,1817300.130,שעות נוספות - פסיכולוגיות,,,"10,000",,,#NAME?,8,שירותים ממלכתיים,81,חינוך,817,שירותים נוספים לבתי״ס וגנ״י,8173,שרות פסיכולוגי חינוכי,,1,"משכורות וש""ע לעובדים לפי תקן",13,שעות נוספות,130,#N/A
140,817300 ,1 ,1817300.140,שעות פסיכולוגי שעות נוספו,,,"74,000",,,#NAME?,8,שירותים ממלכתיים,81,חינוך,817,שירותים נוספים לבתי״ס וגנ״י,8173,שרות פסיכולוגי חינוכי,,1,"משכורות וש""ע לעובדים לפי תקן",14,החזר הוצאות,140,#N/A
181,817300 ,1 ,1817300.181,"שכ""ע-פסיכולוגים ה.סוציאלי",,,"55,000",,,#NAME?,8,שירותים ממלכתיים,81,חינוך,817,שירותים נוספים לבתי״ס וגנ״י,8173,שרות פסיכולוגי חינוכי,,1,"משכורות וש""ע לעובדים לפי תקן",18,נלוות לשכר,181,הפרשות סוציאליות
182,817300 ,1 ,1817300.182,"שכ""ע-פסיכולוגים מיסים",,,"64,000",,,#NAME?,8,שירותים ממלכתיים,81,חינוך,817,שירותים נוספים לבתי״ס וגנ״י,8173,שרות פסיכולוגי חינוכי,,1,"משכורות וש""ע לעובדים לפי תקן",18,נלוות לשכר,182,מיסיום ועלויות
740,817300 ,1 ,1817300.740,"כלים,מכשירים,ציוד",,,"6,000",,,#NAME?,8,שירותים ממלכתיים,81,חינוך,817,שירותים נוספים לבתי״ס וגנ״י,8173,שרות פסיכולוגי חינוכי,,7,הוצאות לפעולות,74,"כלים, מכשירים וציוד",740,#N/A
750,817300 ,1 ,1817300.750,"עבודות קבלניות,השתלמות",,,"9,000",,,#NAME?,8,שירותים ממלכתיים,81,חינוך,817,שירותים נוספים לבתי״ס וגנ״י,8173,שרות פסיכולוגי חינוכי,,7,הוצאות לפעולות,75,עבודות קבלניות,750,#N/A
780,817300 ,1 ,1817300.780,הוצאות אחרות,,,"1,000",,,#NAME?,8,שירותים ממלכתיים,81,חינוך,817,שירותים נוספים לבתי״ס וגנ״י,8173,שרות פסיכולוגי חינוכי,,7,הוצאות לפעולות,78,הוצאות שונות,780,#N/A
750,817400 ,1 ,1817400.750,בטוח תלמידים,,,"111,000",,,#NAME?,8,שירותים ממלכתיים,81,חינוך,817,שירותים נוספים לבתי״ס וגנ״י,8174,שרות בריאות לתלמיד,,7,הוצאות לפעולות,75,עבודות קבלניות,750,#N/A
751,817800 ,1 ,1817800.751,הסעות ח.מיוחד -קבלניות,,,"1,100,000",,,#NAME?,8,שירותים ממלכתיים,81,חינוך,817,שירותים נוספים לבתי״ס וגנ״י,8178,הסעות ילדים,,7,הוצאות לפעולות,75,עבודות קבלניות,751,#N/A
752,817800 ,1 ,1817800.752,הסעות למקיף עומר-קבלניות,,,"310,000",,,#NAME?,8,שירותים ממלכתיים,81,חינוך,817,שירותים נוספים לבתי״ס וגנ״י,8178,הסעות ילדים,,7,הוצאות לפעולות,75,עבודות קבלניות,752,#N/A
753,817800 ,1 ,1817800.753,הסעות מחוננים - קבלניות,,,"133,000",,,#NAME?,8,שירותים ממלכתיים,81,חינוך,817,שירותים נוספים לבתי״ס וגנ״י,8178,הסעות ילדים,,7,הוצאות לפעולות,75,עבודות קבלניות,753,#N/A
754,817800 ,1 ,1817800.754,"הסעות חינוך דתי-ב""ש+מיתר",,,"130,000",,,#NAME?,8,שירותים ממלכתיים,81,חינוך,817,שירותים נוספים לבתי״ס וגנ״י,8178,הסעות ילדים,,7,הוצאות לפעולות,75,עבודות קבלניות,754,#N/A
755,817800 ,1 ,1817800.755,הסעות לעומרים,,,"105,000",,,#NAME?,8,שירותים ממלכתיים,81,חינוך,817,שירותים נוספים לבתי״ס וגנ״י,8178,הסעות ילדים,,7,הוצאות לפעולות,75,עבודות קבלניות,755,#N/A
820,821800 ,1 ,1821800.820,השתת' ותמיכות-בתי כנסת,,,"50,000",,,#NAME?,8,שירותים ממלכתיים,82,תרבות,821,מינהל התרבות,8218,#N/A,,8,השתתפויות תמיכות ותרומות,82,הקצבות בהמלצת ועדת הקצבות,820,#N/A
431,822000 ,1 ,1822000.431,חשמל,,,"70,000",,,#NAME?,8,שירותים ממלכתיים,82,תרבות,822,פעולות תרבות,8220,#N/A,,4,אחזקת בינים ואספקת ציוד,43,"חשמל, מים וחומרי ניקיון",431,חשמל
110,822100 ,1 ,1822100.110,שכר ונלוות-תרבות,,,"189,000",,,#NAME?,8,שירותים ממלכתיים,82,תרבות,822,פעולות תרבות,8221,#N/A,,1,"משכורות וש""ע לעובדים לפי תקן",11,השכר הקובע,110,#N/A
120,822100 ,1 ,1822100.120,"שכ""ע תרבות-תוספות לשכר",,,"18,000",,,#NAME?,8,שירותים ממלכתיים,82,תרבות,822,פעולות תרבות,8221,#N/A,,1,"משכורות וש""ע לעובדים לפי תקן",12,תוספות שאינן נכללות בשכר הקובע,120,#N/A
130,822100 ,1 ,1822100.130,"שכ""ע תרבות-ש.נוספות",,,"13,000",,,#NAME?,8,שירותים ממלכתיים,82,תרבות,822,פעולות תרבות,8221,#N/A,,1,"משכורות וש""ע לעובדים לפי תקן",13,שעות נוספות,130,#N/A
140,822100 ,1 ,1822100.140,"שכ""ע תרבות-החזרי הוצאות",,,"55,000",,,#NAME?,8,שירותים ממלכתיים,82,תרבות,822,פעולות תרבות,8221,#N/A,,1,"משכורות וש""ע לעובדים לפי תקן",14,החזר הוצאות,140,#N/A
181,822100 ,1 ,1822100.181,"שכ""ע תרבות-ה.סוציאליות",,,"40,000",,,#NAME?,8,שירותים ממלכתיים,82,תרבות,822,פעולות תרבות,8221,#N/A,,1,"משכורות וש""ע לעובדים לפי תקן",18,נלוות לשכר,181,הפרשות סוציאליות
182,822100 ,1 ,1822100.182,"שכ""ע-תרבות-מיסים",,,"34,000",,,#NAME?,8,שירותים ממלכתיים,82,תרבות,822,פעולות תרבות,8221,#N/A,,1,"משכורות וש""ע לעובדים לפי תקן",18,נלוות לשכר,182,מיסיום ועלויות
432,822100 ,1 ,1822100.432,חשמל - מרכז דפנה,,,"35,000",,,#NAME?,8,שירותים ממלכתיים,82,תרבות,822,פעולות תרבות,8221,#N/A,,4,אחזקת בינים ואספקת ציוד,43,"חשמל, מים וחומרי ניקיון",432,מים
720,822100 ,1 ,1822100.720,אחזקה וחומרים,,,"5,000",,,#NAME?,8,שירותים ממלכתיים,82,תרבות,822,פעולות תרבות,8221,#N/A,,7,הוצאות לפעולות,72,חומרים,720,#N/A
724,822100 ,1 ,1822100.724,פעולות תרבות חומרים,,,"18,000",,,#NAME?,8,שירותים ממלכתיים,82,תרבות,822,פעולות תרבות,8221,#N/A,,7,הוצאות לפעולות,72,חומרים,724,#N/A
754,822100 ,1 ,1822100.754,פעולות תרבות,,,"100,000",,,#NAME?,8,שירותים ממלכתיים,82,תרבות,822,פעולות תרבות,8221,#N/A,,7,הוצאות לפעולות,75,עבודות קבלניות,754,#N/A
780,822100 ,1 ,1822100.780,הוצאות כלליות אחרות,,,"110,000",,,#NAME?,8,שירותים ממלכתיים,82,תרבות,822,פעולות תרבות,8221,#N/A,,7,הוצאות לפעולות,78,הוצאות שונות,780,#N/A
431,822200 ,1 ,1822200.431,חשמל - בית המוסיקה,,,"26,000",,,#NAME?,8,שירותים ממלכתיים,82,תרבות,822,פעולות תרבות,8222,#N/A,,4,אחזקת בינים ואספקת ציוד,43,"חשמל, מים וחומרי ניקיון",431,חשמל
110,823000 ,1 ,1823000.110,שכר ונלוות - ספריה,,,"240,000",,,#NAME?,8,שירותים ממלכתיים,82,תרבות,823,ספריות עירוניות,8230,#N/A,,1,"משכורות וש""ע לעובדים לפי תקן",11,השכר הקובע,110,#N/A
120,823000 ,1 ,1823000.120,"שכ""ע-ספריה תוספות לשכר",,,"23,000",,,#NAME?,8,שירותים ממלכתיים,82,תרבות,823,ספריות עירוניות,8230,#N/A,,1,"משכורות וש""ע לעובדים לפי תקן",12,תוספות שאינן נכללות בשכר הקובע,120,#N/A
130,823000 ,1 ,1823000.130,"שכ""ע-ספריה ש. נוספות",,,"7,000",,,#NAME?,8,שירותים ממלכתיים,82,תרבות,823,ספריות עירוניות,8230,#N/A,,1,"משכורות וש""ע לעובדים לפי תקן",13,שעות נוספות,130,#N/A
140,823000 ,1 ,1823000.140,"שכ""ע-ספריה החזרי הוצאות",,,"28,000",,,#NAME?,8,שירותים ממלכתיים,82,תרבות,823,ספריות עירוניות,8230,#N/A,,1,"משכורות וש""ע לעובדים לפי תקן",14,החזר הוצאות,140,#N/A
181,823000 ,1 ,1823000.181,"שכ""ע-ספריה ה. סוציאליות",,,"38,000",,,#NAME?,8,שירותים ממלכתיים,82,תרבות,823,ספריות עירוניות,8230,#N/A,,1,"משכורות וש""ע לעובדים לפי תקן",18,נלוות לשכר,181,הפרשות סוציאליות
182,823000 ,1 ,1823000.182,"שכ""ע-ספריה מיסים",,,"33,000",,,#NAME?,8,שירותים ממלכתיים,82,תרבות,823,ספריות עירוניות,8230,#N/A,,1,"משכורות וש""ע לעובדים לפי תקן",18,נלוות לשכר,182,מיסיום ועלויות
431,823000 ,1 ,1823000.431,חשמל-ספריה,,,"15,000",,,#NAME?,8,שירותים ממלכתיים,82,תרבות,823,ספריות עירוניות,8230,#N/A,,4,אחזקת בינים ואספקת ציוד,43,"חשמל, מים וחומרי ניקיון",431,חשמל
450,823000 ,1 ,1823000.450,ציוד רהוט והחזקתו,,,"4,000",,,#NAME?,8,שירותים ממלכתיים,82,תרבות,823,ספריות עירוניות,8230,#N/A,,4,אחזקת בינים ואספקת ציוד,45,ריהוט והחזקתו,450,#N/A
520,823000 ,1 ,1823000.520,ספריות עירוניות ספרים ועי,,,"4,000",,,#NAME?,8,שירותים ממלכתיים,82,תרבות,823,ספריות עירוניות,8230,#N/A,,5,הוצאות מנהליות,52,השתלמויות וספרות מקצועית,520,#N/A
720,823000 ,1 ,1823000.720,חמרים (כריכת ספרים),,,"1,000",,,#NAME?,8,שירותים ממלכתיים,82,תרבות,823,ספריות עירוניות,8230,#N/A,,7,הוצאות לפעולות,72,חומרים,720,#N/A
740,823000 ,1 ,1823000.740,ציוד כלים מכשירים,,,"25,000",,,#NAME?,8,שירותים ממלכתיים,82,תרבות,823,ספריות עירוניות,8230,#N/A,,7,הוצאות לפעולות,74,"כלים, מכשירים וציוד",740,#N/A
742,823000 ,1 ,1823000.742,ספריות עירוניות אח מיחשוב,,,"10,000",,,#NAME?,8,שירותים ממלכתיים,82,תרבות,823,ספריות עירוניות,8230,#N/A,,7,הוצאות לפעולות,74,"כלים, מכשירים וציוד",742,"אחזקת כלים, מכשירים וציוד"
750,823000 ,1 ,1823000.750,מכונת צלום,,,"4,000",,,,8,שירותים ממלכתיים,82,תרבות,823,ספריות עירוניות,8230,#N/A,,7,הוצאות לפעולות,75,עבודות קבלניות,750,#N/A
780,823000 ,1 ,1823000.780,הוצאות אחרות,,,"4,000",,,#NAME?,8,שירותים ממלכתיים,82,תרבות,823,ספריות עירוניות,8230,#N/A,,7,הוצאות לפעולות,78,הוצאות שונות,780,#N/A
920,823000 ,1 ,1823000.920,רכישות מהשתת ממשלה,,,"80,000",,,#NAME?,8,שירותים ממלכתיים,82,תרבות,823,ספריות עירוניות,8230,#N/A,,9,הוצאות חד פעמיות,92,הוצאות לעבודות פיתוח,920,#N/A
870,827000 ,1 ,1827000.870,תרבות תורנית,,,"40,000",,,#NAME?,8,שירותים ממלכתיים,82,תרבות,827,תרבות תורנית,8270,#N/A,,8,השתתפויות תמיכות ותרומות,87,תמיכות ביחידות סמך ומוסדות הרשות,870,#N/A
110,828000 ,1 ,1828000.110,שכר ונלוות - נוער וספורט,,,"275,000",,,#NAME?,8,שירותים ממלכתיים,82,תרבות,828,נוער,8280,#N/A,,1,"משכורות וש""ע לעובדים לפי תקן",11,השכר הקובע,110,#N/A
120,828000 ,1 ,1828000.120,"שכ""ע-נוער וספורט תוספות",,,"46,000",,,#NAME?,8,שירותים ממלכתיים,82,תרבות,828,נוער,8280,#N/A,,1,"משכורות וש""ע לעובדים לפי תקן",12,תוספות שאינן נכללות בשכר הקובע,120,#N/A
130,828000 ,1 ,1828000.130,"שכ""ע-נוער וספורט ש.נוספות",,,"20,000",,,#NAME?,8,שירותים ממלכתיים,82,תרבות,828,נוער,8280,#N/A,,1,"משכורות וש""ע לעובדים לפי תקן",13,שעות נוספות,130,#N/A
140,828000 ,1 ,1828000.140,"שכ""ע-נוער וספורט החזרי הו",,,"71,000",,,#NAME?,8,שירותים ממלכתיים,82,תרבות,828,נוער,8280,#N/A,,1,"משכורות וש""ע לעובדים לפי תקן",14,החזר הוצאות,140,#N/A
181,828000 ,1 ,1828000.181,"שכ""ע-נוער וספורט ה.סוציאל",,,"46,000",,,,8,שירותים ממלכתיים,82,תרבות,828,נוער,8280,#N/A,,1,"משכורות וש""ע לעובדים לפי תקן",18,נלוות לשכר,181,הפרשות סוציאליות
182,828000 ,1 ,1828000.182,"שכ""ע-נוער וספורוט מיסים",,,"53,000",,,#NAME?,8,שירותים ממלכתיים,82,תרבות,828,נוער,8280,#N/A,,1,"משכורות וש""ע לעובדים לפי תקן",18,נלוות לשכר,182,מיסיום ועלויות
740,828000 ,1 ,1828000.740,ציוד כלים מכשירים,,,"30,000",,,#NAME?,8,שירותים ממלכתיים,82,תרבות,828,נוער,8280,#N/A,,7,הוצאות לפעולות,74,"כלים, מכשירים וציוד",740,#N/A
750,828000 ,1 ,1828000.750,עבודות קבלניות,,,"20,000",,,#NAME?,8,שירותים ממלכתיים,82,תרבות,828,נוער,8280,#N/A,,7,הוצאות לפעולות,75,עבודות קבלניות,750,#N/A
930,828000 ,1 ,1828000.930,רכישת ציוד יסודי,,,"30,000",,,#NAME?,8,שירותים ממלכתיים,82,תרבות,828,נוער,8280,#N/A,,9,הוצאות חד פעמיות,93,רכישת ציוד יסודי,930,#N/A
110,828200 ,1 ,1828200.110,משכורת,,,"142,000",,,#NAME?,8,שירותים ממלכתיים,82,תרבות,828,נוער,8282,מוקדי הפעלת נוער,,1,"משכורות וש""ע לעובדים לפי תקן",11,השכר הקובע,110,#N/A
120,828200 ,1 ,1828200.120,"שכ""ע-תוספות",,,"29,000",,,#NAME?,8,שירותים ממלכתיים,82,תרבות,828,נוער,8282,מוקדי הפעלת נוער,,1,"משכורות וש""ע לעובדים לפי תקן",12,תוספות שאינן נכללות בשכר הקובע,120,#N/A
130,828200 ,1 ,1828200.130,שעות נוספות,,,"12,000",,,#NAME?,8,שירותים ממלכתיים,82,תרבות,828,נוער,8282,מוקדי הפעלת נוער,,1,"משכורות וש""ע לעובדים לפי תקן",13,שעות נוספות,130,#N/A
140,828200 ,1 ,1828200.140,"שכ""ע-החזר הוצאות",,,"29,000",,,#NAME?,8,שירותים ממלכתיים,82,תרבות,828,נוער,8282,מוקדי הפעלת נוער,,1,"משכורות וש""ע לעובדים לפי תקן",14,החזר הוצאות,140,#N/A
181,828200 ,1 ,1828200.181,"שכ""ע- ה.סוציאליות",,,"36,000",,,#NAME?,8,שירותים ממלכתיים,82,תרבות,828,נוער,8282,מוקדי הפעלת נוער,,1,"משכורות וש""ע לעובדים לפי תקן",18,נלוות לשכר,181,הפרשות סוציאליות
182,828200 ,1 ,1828200.182,"שכ""ע-מיסים",,,"25,000",,,#NAME?,8,שירותים ממלכתיים,82,תרבות,828,נוער,8282,מוקדי הפעלת נוער,,1,"משכורות וש""ע לעובדים לפי תקן",18,נלוות לשכר,182,מיסיום ועלויות
431,828200 ,1 ,1828200.431,מאור כח חימום,,,"20,000",,,#NAME?,8,שירותים ממלכתיים,82,תרבות,828,נוער,8282,מוקדי הפעלת נוער,,4,אחזקת בינים ואספקת ציוד,43,"חשמל, מים וחומרי ניקיון",431,חשמל
720,828200 ,1 ,1828200.720,חומרים,,,"1,000",,,#NAME?,8,שירותים ממלכתיים,82,תרבות,828,נוער,8282,מוקדי הפעלת נוער,,7,הוצאות לפעולות,72,חומרים,720,#N/A
721,828200 ,1 ,1828200.721,חומרים,,,"5,000",,,#NAME?,8,שירותים ממלכתיים,82,תרבות,828,נוער,8282,מוקדי הפעלת נוער,,7,הוצאות לפעולות,72,חומרים,721,#N/A
740,828200 ,1 ,1828200.740,ציוד כלים מכשירים,,,"1,000",,,#NAME?,8,שירותים ממלכתיים,82,תרבות,828,נוער,8282,מוקדי הפעלת נוער,,7,הוצאות לפעולות,74,"כלים, מכשירים וציוד",740,#N/A
750,828200 ,1 ,1828200.750,פעולות לנוער-מצילה,,,"180,000",,,#NAME?,8,שירותים ממלכתיים,82,תרבות,828,נוער,8282,מוקדי הפעלת נוער,,7,הוצאות לפעולות,75,עבודות קבלניות,750,#N/A
821,828900 ,1 ,1828900.821,הקצבה - נוער,,,"300,000",,,#NAME?,8,שירותים ממלכתיים,82,תרבות,828,נוער,8289,תנועות נוער,,8,השתתפויות תמיכות ותרומות,82,הקצבות בהמלצת ועדת הקצבות,821,#N/A
431,829200 ,1 ,1829200.431,מאור כח חימום,,,"80,000",,,#NAME?,8,שירותים ממלכתיים,82,תרבות,829,ספורט,8292,#N/A,,4,אחזקת בינים ואספקת ציוד,43,"חשמל, מים וחומרי ניקיון",431,חשמל
720,829200 ,1 ,1829200.720,ציוד חמרים,,,"4,000",,,#NAME?,8,שירותים ממלכתיים,82,תרבות,829,ספורט,8292,#N/A,,7,הוצאות לפעולות,72,חומרים,720,#N/A
750,829200 ,1 ,1829200.750,נקיון מ.פ.קהילתי,,,"160,000",,,#NAME?,8,שירותים ממלכתיים,82,תרבות,829,ספורט,8292,#N/A,,7,הוצאות לפעולות,75,עבודות קבלניות,750,#N/A
930,829200 ,1 ,1829200.930,ציוד יסודי,,,"4,000",,,#NAME?,8,שירותים ממלכתיים,82,תרבות,829,ספורט,8292,#N/A,,9,הוצאות חד פעמיות,93,רכישת ציוד יסודי,930,#N/A
780,829900 ,1 ,1829900.780,מועדון בית ספרי -שחיה,,,"40,000",,,#NAME?,8,שירותים ממלכתיים,82,תרבות,829,ספורט,8299,#N/A,,7,הוצאות לפעולות,78,הוצאות שונות,780,#N/A
811,829900 ,1 ,1829900.811,הקצבה- ספורט,,,"260,000",,,#NAME?,8,שירותים ממלכתיים,82,תרבות,829,ספורט,8299,#N/A,,8,השתתפויות תמיכות ותרומות,81,"השתתפויות ותרומות למוסדות עפ""י חוק והסכמים",811,#N/A
110,841000 ,1 ,1841000.110,מינהל הרווחה השכר הקובע,,,"183,000",,,#NAME?,8,שירותים ממלכתיים,84,רווחה,841,מינהל הרווחה,8410,#N/A,,1,"משכורות וש""ע לעובדים לפי תקן",11,השכר הקובע,110,#N/A
120,841000 ,1 ,1841000.120,מינהל הרווחה תוספות שאינן,,,"37,000",,,#NAME?,8,שירותים ממלכתיים,84,רווחה,841,מינהל הרווחה,8410,#N/A,,1,"משכורות וש""ע לעובדים לפי תקן",12,תוספות שאינן נכללות בשכר הקובע,120,#N/A
130,841000 ,1 ,1841000.130,מינהל הרווחה שעות נוספות,,,"33,000",,,#NAME?,8,שירותים ממלכתיים,84,רווחה,841,מינהל הרווחה,8410,#N/A,,1,"משכורות וש""ע לעובדים לפי תקן",13,שעות נוספות,130,#N/A
140,841000 ,1 ,1841000.140,מינהל הרווחה החזר הוצאות,,,"49,000",,,#NAME?,8,שירותים ממלכתיים,84,רווחה,841,מינהל הרווחה,8410,#N/A,,1,"משכורות וש""ע לעובדים לפי תקן",14,החזר הוצאות,140,#N/A
181,841000 ,1 ,1841000.181,מינהל רווחה ה.סוציאליות,,,"50,000",,,#NAME?,8,שירותים ממלכתיים,84,רווחה,841,מינהל הרווחה,8410,#N/A,,1,"משכורות וש""ע לעובדים לפי תקן",18,נלוות לשכר,181,הפרשות סוציאליות
182,841000 ,1 ,1841000.182,מינהל רווחה מיסים,,,"39,000",,,#NAME?,8,שירותים ממלכתיים,84,רווחה,841,מינהל הרווחה,8410,#N/A,,1,"משכורות וש""ע לעובדים לפי תקן",18,נלוות לשכר,182,מיסיום ועלויות
840,842200 ,1 ,1842200.840,צרכים מיוחדים למשפחה,,,"40,000",,,#NAME?,8,שירותים ממלכתיים,84,רווחה,842,רווחת הפרט והמשפחה,8422,צרכים מיוחדים,,8,השתתפויות תמיכות ותרומות,84,תמיכות רווחה,840,#N/A
840,842400 ,1 ,1842400.840,מרכזי טיפול באלימות,,,"20,000",,,#NAME?,8,שירותים ממלכתיים,84,רווחה,842,רווחת הפרט והמשפחה,8424,הדרכת משפחות,,8,השתתפויות תמיכות ותרומות,84,תמיכות רווחה,840,#N/A
840,843500 ,1 ,1843500.840,פע קהילתית לילד,,,"70,000",,,#NAME?,8,שירותים ממלכתיים,84,רווחה,843,שירותים לילד ולנוער,8435,פעולות קהילתיות,,8,השתתפויות תמיכות ותרומות,84,תמיכות רווחה,840,#N/A
110,844000 ,1 ,1844000.110,"סתיו הזהב שכ""ע קובע",,,"91,000",,,#NAME?,8,שירותים ממלכתיים,84,רווחה,844,שירותים לזקן,8440,#N/A,,1,"משכורות וש""ע לעובדים לפי תקן",11,השכר הקובע,110,#N/A
120,844000 ,1 ,1844000.120,סתיו בזהב תוספת לשכר,,,"10,000",,,#NAME?,8,שירותים ממלכתיים,84,רווחה,844,שירותים לזקן,8440,#N/A,,1,"משכורות וש""ע לעובדים לפי תקן",12,תוספות שאינן נכללות בשכר הקובע,120,#N/A
130,844000 ,1 ,1844000.130,סתיו הזהב שעות נוספות,,,"16,000",,,#NAME?,8,שירותים ממלכתיים,84,רווחה,844,שירותים לזקן,8440,#N/A,,1,"משכורות וש""ע לעובדים לפי תקן",13,שעות נוספות,130,#N/A
140,844000 ,1 ,1844000.140,סתיו הזהב החזרי הוצאות,,,"30,000",,,#NAME?,8,שירותים ממלכתיים,84,רווחה,844,שירותים לזקן,8440,#N/A,,1,"משכורות וש""ע לעובדים לפי תקן",14,החזר הוצאות,140,#N/A
181,844000 ,1 ,1844000.181,סתיו הזהב הוצ סוציאליות,,,"23,000",,,#NAME?,8,שירותים ממלכתיים,84,רווחה,844,שירותים לזקן,8440,#N/A,,1,"משכורות וש""ע לעובדים לפי תקן",18,נלוות לשכר,181,הפרשות סוציאליות
182,844000 ,1 ,1844000.182,סתיו הזהב מיסים,,,"16,000",,,#NAME?,8,שירותים ממלכתיים,84,רווחה,844,שירותים לזקן,8440,#N/A,,1,"משכורות וש""ע לעובדים לפי תקן",18,נלוות לשכר,182,מיסיום ועלויות
810,844000 ,1 ,1844000.810,הקצבה-רווחה,,,"70,000",,,#NAME?,8,שירותים ממלכתיים,84,רווחה,844,שירותים לזקן,8440,#N/A,,8,השתתפויות תמיכות ותרומות,81,"השתתפויות ותרומות למוסדות עפ""י חוק והסכמים",810,#N/A
820,844000 ,1 ,1844000.820,סתיו הזהב,,,"16,000",,,#NAME?,8,שירותים ממלכתיים,84,רווחה,844,שירותים לזקן,8440,#N/A,,8,השתתפויות תמיכות ותרומות,82,הקצבות בהמלצת ועדת הקצבות,820,#N/A
870,844000 ,1 ,1844000.870,"מועדון ""בית דפנה""",,,"32,000",,,#NAME?,8,שירותים ממלכתיים,84,רווחה,844,שירותים לזקן,8440,#N/A,,8,השתתפויות תמיכות ותרומות,87,תמיכות ביחידות סמך ומוסדות הרשות,870,#N/A
840,844300 ,1 ,1844300.840,נופשון לזקן,,,"2,000",,,#NAME?,8,שירותים ממלכתיים,84,רווחה,844,שירותים לזקן,8443,שירותים לזקן - מוסדי,,8,השתתפויות תמיכות ותרומות,84,תמיכות רווחה,840,#N/A
840,844400 ,1 ,1844400.840,טיפול בזקן בקהילה,,,"50,000",,,,8,שירותים ממלכתיים,84,רווחה,844,שירותים לזקן,8444,שירותים לזקן - קהילתי,,8,השתתפויות תמיכות ותרומות,84,תמיכות רווחה,840,#N/A
840,845100 ,1 ,1845100.840,סידור מפגרים במוסדות השתת,,,"1,820,000",,,#NAME?,8,שירותים ממלכתיים,84,רווחה,845,שירותים למפגר,8451,סידור מפגרים במוסדות,,8,השתתפויות תמיכות ותרומות,84,תמיכות רווחה,840,#N/A
840,845200 ,1 ,1845200.840,מפגנים במעון אמוני,,,"145,000",,,#NAME?,8,שירותים ממלכתיים,84,רווחה,845,שירותים למפגר,8452,סידור מפגרים במסגרות,,8,השתתפויות תמיכות ותרומות,84,תמיכות רווחה,840,#N/A
840,845300 ,1 ,1845300.840,שרותים תומכים למפגר,,,"4,000",,,#NAME?,8,שירותים ממלכתיים,84,רווחה,845,שירותים למפגר,8453,יום שירותים למפגר - קהילתי,,8,השתתפויות תמיכות ותרומות,84,תמיכות רווחה,840,#N/A
840,846300 ,1 ,1846300.840,דמי לווי לעיורים,,,"45,000",,,,8,שירותים ממלכתיים,84,רווחה,846,שירותי שיקום,8463,טיפול בעיוור בקהילה,,8,השתתפויות תמיכות ותרומות,84,תמיכות רווחה,840,#N/A
840,846500 ,1 ,1846500.840,אחזקת נכים בפנימיות,,,"433,000",,,,8,שירותים ממלכתיים,84,רווחה,846,שירותי שיקום,8465,נכים - שיקום במוסדות,,8,השתתפויות תמיכות ותרומות,84,תמיכות רווחה,840,#N/A
840,846600 ,1 ,1846600.840,תעסוקה מוגנת למוגבל,,,"32,000",,,,8,שירותים ממלכתיים,84,רווחה,846,שירותי שיקום,8466,נכים - אחזקה במסגרות,,8,השתתפויות תמיכות ותרומות,84,תמיכות רווחה,840,#N/A
840,846700 ,1 ,1846700.840,נופשונים להבראה,,,"87,000",,,,8,שירותים ממלכתיים,84,רווחה,846,שירותי שיקום,8467,יום נכים - טיפול בקהילה,,8,השתתפויות תמיכות ותרומות,84,תמיכות רווחה,840,#N/A
840,846800 ,1 ,1846800.840,מרכזי איבחון ושיקום,,,"55,000",,,,8,שירותים ממלכתיים,84,רווחה,846,שירותי שיקום,8468,נכים - שיקום במפעלי תעסוקה,,8,השתתפויות תמיכות ותרומות,84,תמיכות רווחה,840,#N/A
840,847300 ,1 ,1847300.840,טיפול באלכולוהיסתים,,,"2,000",,,#NAME?,8,שירותים ממלכתיים,84,רווחה,847,שירותי תיקון,8473,סמים,,8,השתתפויות תמיכות ותרומות,84,תמיכות רווחה,840,#N/A
840,849000 ,1 ,1849000.840,אבחון ושיקום נכים עולים,,,"16,000",,,#NAME?,8,שירותים ממלכתיים,84,רווחה,849,שירותים לעולים,8490,#N/A,,8,השתתפויות תמיכות ותרומות,84,תמיכות רווחה,840,#N/A
110,856000 ,1 ,1856000.110,משכורת,,,"186,000",,,#NAME?,8,שירותים ממלכתיים,85,דת,856,שירותי דת יהודיים כלליים,8560,#N/A,,1,"משכורות וש""ע לעובדים לפי תקן",11,השכר הקובע,110,#N/A
120,856000 ,1 ,1856000.120,תוספות לשכר,,,"16,000",,,#NAME?,8,שירותים ממלכתיים,85,דת,856,שירותי דת יהודיים כלליים,8560,#N/A,,1,"משכורות וש""ע לעובדים לפי תקן",12,תוספות שאינן נכללות בשכר הקובע,120,#N/A
140,856000 ,1 ,1856000.140,החזר הוצאות,,,"37,000",,,#NAME?,8,שירותים ממלכתיים,85,דת,856,שירותי דת יהודיים כלליים,8560,#N/A,,1,"משכורות וש""ע לעובדים לפי תקן",14,החזר הוצאות,140,#N/A
181,856000 ,1 ,1856000.181,תנאים סוציאלים,,,"20,000",,,#NAME?,8,שירותים ממלכתיים,85,דת,856,שירותי דת יהודיים כלליים,8560,#N/A,,1,"משכורות וש""ע לעובדים לפי תקן",18,נלוות לשכר,181,הפרשות סוציאליות
182,856000 ,1 ,1856000.182,עלויות שכר,,,"40,000",,,#NAME?,8,שירותים ממלכתיים,85,דת,856,שירותי דת יהודיים כלליים,8560,#N/A,,1,"משכורות וש""ע לעובדים לפי תקן",18,נלוות לשכר,182,מיסיום ועלויות
310,856000 ,1 ,1856000.310,פנסיונרים מ.בקודש,,,"99,000",,,#NAME?,8,שירותים ממלכתיים,85,דת,856,שירותי דת יהודיים כלליים,8560,#N/A,,3,פנסיה ופיצויים,31,פנסיה,310,#N/A
780,856000 ,1 ,1856000.780,הוצאות שירותי דת,,,"73,000",,,#NAME?,8,שירותים ממלכתיים,85,דת,856,שירותי דת יהודיים כלליים,8560,#N/A,,7,הוצאות לפעולות,78,הוצאות שונות,780,#N/A
110,913000 ,1 ,1913000.110,שכר ונלוות - מח' מיים,,,"120,000",,,#NAME?,9,מפעלים,91,מים,913,תפעול ואחזקת משק המים,9130,#N/A,,1,"משכורות וש""ע לעובדים לפי תקן",11,השכר הקובע,110,#N/A
120,913000 ,1 ,1913000.120,"שכ""ע-אח רשת מים תוספות לש",,,"9,000",,,#NAME?,9,מפעלים,91,מים,913,תפעול ואחזקת משק המים,9130,#N/A,,1,"משכורות וש""ע לעובדים לפי תקן",12,תוספות שאינן נכללות בשכר הקובע,120,#N/A
130,913000 ,1 ,1913000.130,"שכ""ע-אח רשת מים ש. נוספות",,,"25,000",,,#NAME?,9,מפעלים,91,מים,913,תפעול ואחזקת משק המים,9130,#N/A,,1,"משכורות וש""ע לעובדים לפי תקן",13,שעות נוספות,130,#N/A
140,913000 ,1 ,1913000.140,"שכ""ע-אח רשת מים ה. הוצאות",,,"30,000",,,#NAME?,9,מפעלים,91,מים,913,תפעול ואחזקת משק המים,9130,#N/A,,1,"משכורות וש""ע לעובדים לפי תקן",14,החזר הוצאות,140,#N/A
181,913000 ,1 ,1913000.181,"שכ""ע-אח רשת מים ה. סוציאל",,,"31,000",,,#NAME?,9,מפעלים,91,מים,913,תפעול ואחזקת משק המים,9130,#N/A,,1,"משכורות וש""ע לעובדים לפי תקן",18,נלוות לשכר,181,הפרשות סוציאליות
182,913000 ,1 ,1913000.182,"שכ""ע-אח רשת מים מיסים",,,"30,000",,,#NAME?,9,מפעלים,91,מים,913,תפעול ואחזקת משק המים,9130,#N/A,,1,"משכורות וש""ע לעובדים לפי תקן",18,נלוות לשכר,182,מיסיום ועלויות
720,913000 ,1 ,1913000.720,תשלומי רכישת מיים,,,"6,750,000",,,#NAME?,9,מפעלים,91,מים,913,תפעול ואחזקת משק המים,9130,#N/A,,7,הוצאות לפעולות,72,חומרים,720,#N/A
722,913000 ,1 ,1913000.722,רכי' שעוני מים חדש,,,"20,000",,,#NAME?,9,מפעלים,91,מים,913,תפעול ואחזקת משק המים,9130,#N/A,,7,הוצאות לפעולות,72,חומרים,722,#N/A
723,913000 ,1 ,1913000.723,חמרים,,,"50,000",,,#NAME?,9,מפעלים,91,מים,913,תפעול ואחזקת משק המים,9130,#N/A,,7,הוצאות לפעולות,72,חומרים,723,#N/A
740,913000 ,1 ,1913000.740,ציוד כלים מכשירים,,,"5,000",,,#NAME?,9,מפעלים,91,מים,913,תפעול ואחזקת משק המים,9130,#N/A,,7,הוצאות לפעולות,74,"כלים, מכשירים וציוד",740,#N/A
750,913000 ,1 ,1913000.750,עבודות קבלניות,,,"58,000",,,,9,מפעלים,91,מים,913,תפעול ואחזקת משק המים,9130,#N/A,,7,הוצאות לפעולות,75,עבודות קבלניות,750,#N/A
780,913000 ,1 ,1913000.780,הוצאות אחרות,,,"10,000",,,#NAME?,9,מפעלים,91,מים,913,תפעול ואחזקת משק המים,9130,#N/A,,7,הוצאות לפעולות,78,הוצאות שונות,780,#N/A
110,972000 ,1 ,1972000.110,אחזקת ביוב עירוני השכר הק,,,"106,000",,,#NAME?,9,מפעלים,97,מפעל הביוב,972,ביוב עירוני,9720,#N/A,,1,"משכורות וש""ע לעובדים לפי תקן",11,השכר הקובע,110,#N/A
120,972000 ,1 ,1972000.120,אחזקת ביוב שלא נכלל בשכר,,,"7,000",,,#NAME?,9,מפעלים,97,מפעל הביוב,972,ביוב עירוני,9720,#N/A,,1,"משכורות וש""ע לעובדים לפי תקן",12,תוספות שאינן נכללות בשכר הקובע,120,#N/A
130,972000 ,1 ,1972000.130,אחזקת ביוב שעות נוספות,,,"15,000",,,#NAME?,9,מפעלים,97,מפעל הביוב,972,ביוב עירוני,9720,#N/A,,1,"משכורות וש""ע לעובדים לפי תקן",13,שעות נוספות,130,#N/A
140,972000 ,1 ,1972000.140,אחזקת ביוב החזרי הוצאות,,,"18,000",,,#NAME?,9,מפעלים,97,מפעל הביוב,972,ביוב עירוני,9720,#N/A,,1,"משכורות וש""ע לעובדים לפי תקן",14,החזר הוצאות,140,#N/A
181,972000 ,1 ,1972000.181,אחזקת בניוב ה. סוציאליות,,,"23,000",,,#NAME?,9,מפעלים,97,מפעל הביוב,972,ביוב עירוני,9720,#N/A,,1,"משכורות וש""ע לעובדים לפי תקן",18,נלוות לשכר,181,הפרשות סוציאליות
182,972000 ,1 ,1972000.182,אחזקת ביוב עירוני מיסים,,,"19,000",,,#NAME?,9,מפעלים,97,מפעל הביוב,972,ביוב עירוני,9720,#N/A,,1,"משכורות וש""ע לעובדים לפי תקן",18,נלוות לשכר,182,מיסיום ועלויות
720,972000 ,1 ,1972000.720,אחזקת ביוב עירוני חמרים,,,"1,000",,,#NAME?,9,מפעלים,97,מפעל הביוב,972,ביוב עירוני,9720,#N/A,,7,הוצאות לפעולות,72,חומרים,720,#N/A
750,972000 ,1 ,1972000.750,אחזקת ביוב עירוני עבודות,,,"1,470,000",,,#NAME?,9,מפעלים,97,מפעל הביוב,972,ביוב עירוני,9720,#N/A,,7,הוצאות לפעולות,75,עבודות קבלניות,750,#N/A
930,972000 ,1 ,1972000.930,אחזקת ביוב עירוני רכישת צ,,,"2,000",,,#NAME?,9,מפעלים,97,מפעל הביוב,972,ביוב עירוני,9720,#N/A,,9,הוצאות חד פעמיות,93,רכישת ציוד יסודי,930,#N/A
310,991000 ,1 ,1991000.310,"שכ""ע פנסיה",,,"1,924,000",,,#NAME?,9,מפעלים,99,תשלומים בלתי רגילים,991,הפרשות לקרנות תקציביות,9910,#N/A,,3,פנסיה ופיצויים,31,פנסיה,310,#N/A
980,991300 ,1 ,1991300.980,הפרשה לקרן הלוואות לעובדים,,,"11,000",,,#NAME?,9,מפעלים,99,תשלומים בלתי רגילים,991,הפרשות לקרנות תקציביות,9913,הפרשה לקרן הלוואות לעובדים,,9,הוצאות חד פעמיות,98,הוצאות אחרות,980,#N/A
960,992100 ,1 ,1992100.960,רזרבה תקציבית - הוצאות מותנות,,,"754,000",,,#NAME?,9,מפעלים,99,תשלומים בלתי רגילים,992,רזרבה תקציבית (כולל התייקרויות),9921,#N/A,,9,הוצאות חד פעמיות,96,רזרבה,960,#N/A
860,995000 ,1 ,1995000.860,הנחות מיסים עפי חוק,,,"2,995,000",,,#NAME?,9,מפעלים,99,תשלומים בלתי רגילים,995,הנחות ממיסים לפי חוק או תקנות,9950,#N/A,,8,השתתפויות תמיכות ותרומות,86,הנחות,860,#N/A
